Timestamp,Temp_C,Pressure_Bar,Flow_Rate,Viscosity,Anomaly_Actual
2023-01-01 00:00:00,282.4835707650562,52.798710873172006,93.24821725025619,226.1053258467971,0
2023-01-01 01:00:00,279.3086784941441,51.84926736582554,98.55481329284483,231.65387946152342,0
2023-01-01 02:00:00,283.23844269050346,50.11926073984035,92.07580079000039,239.31267219846282,0
2023-01-01 03:00:00,287.61514928204014,48.706126444588854,96.9203847036096,255.83376003854335,0
2023-01-01 04:00:00,278.8292331263833,51.39644662722718,81.06385333046214,239.4044889314061,0
2023-01-01 05:00:00,278.8293152152541,50.786970770843496,102.13293707372938,231.16330822044063,0
2023-01-01 06:00:00,287.89606407753695,51.790386440055464,100.01205475362224,242.79744060574572,0
2023-01-01 07:00:00,283.83717364576455,51.27034360336394,91.82911368931809,231.64137967146257,0
2023-01-01 08:00:00,277.65262807032525,52.09910543063867,106.59245668432405,240.04155844332064,0
2023-01-01 09:00:00,282.71280021792984,48.92952957687886,109.37570137626558,241.1417176961178,0
2023-01-01 10:00:00,277.6829115359377,52.63478813126865,83.92440135631026,233.1036985617357,0
2023-01-01 11:00:00,299.82036228472685,50.3951992093848,92.37275221433785,206.03291473368336,1
2023-01-01 12:00:00,281.2098113578302,54.15052174525053,92.30857650212701,225.8680443454928,0
2023-01-01 13:00:00,270.433598776711,48.621624363820864,90.60096898891135,230.98795973514882,0
2023-01-01 14:00:00,271.37541083743486,53.471927606330496,108.29474841931749,225.8258535743264,0
2023-01-01 15:00:00,277.18856235379513,50.39582156692529,98.06173861227197,242.99453229814353,0
2023-01-01 16:00:00,274.9358443983279,48.6971639927711,97.35485158689389,232.47686383623753,0
2023-01-01 17:00:00,281.5712366629764,49.03222833189135,79.96137635593246,228.56038367715263,0
2023-01-01 18:00:00,275.45987962239394,49.35930538361136,106.35418030209226,236.75553475192928,0
2023-01-01 19:00:00,272.93848149332354,50.848331892803834,87.60741605146528,237.53128096060868,0
2023-01-01 20:00:00,287.32824384460775,51.045670976071,100.59932630266329,247.57408871885605,0
2023-01-01 21:00:00,278.8711184975673,48.85259999212284,102.77376937958192,239.41455245411098,0
2023-01-01 22:00:00,308.94049566537615,49.95129081547803,113.60658595838652,188.58143916035812,1
2023-01-01 23:00:00,272.8762590689327,54.28454071722373,86.91179600880888,233.63855177129764,0
2023-01-02 00:00:00,277.2780863773741,53.455086340201426,69.80487844179174,222.38016200980712,0
2023-01-02 01:00:00,280.55461294854933,50.87264733934806,101.83849544753694,236.5894079196635,0
2023-01-02 02:00:00,274.2450321128885,50.0760069563364,118.00511181510853,237.92262159339677,0
2023-01-02 03:00:00,281.87849009172834,50.240062653436524,112.38946352939438,242.70521334541627,0
2023-01-02 04:00:00,276.99680655040595,51.227035945460834,102.09659415274626,233.49529791832688,0
2023-01-02 05:00:00,278.54153125103363,47.95441486960319,95.08363814367952,243.5341409448396,0
2023-01-02 06:00:00,276.991466938853,49.48524692515331,108.0712259663731,227.08360285205492,0
2023-01-02 07:00:00,289.2613909225447,46.66283185224482,90.26453800295532,248.01378969511347,0
2023-01-02 08:00:00,279.93251387631034,50.798446245210556,104.7635776935622,240.63690801050643,0
2023-01-02 09:00:00,312.95561009085105,51.29439187940548,105.05470159166627,189.92060018740622,1
2023-01-02 10:00:00,284.11272456051597,49.03362707540125,110.6020990749888,244.28402923740347,0
2023-01-02 11:00:00,273.89578175014486,53.14797352658007,127.59660038911078,232.88630632592574,0
2023-01-02 12:00:00,281.0443179750238,47.548468673995316,103.92415967178766,243.71247563523244,0
2023-01-02 13:00:00,270.2016493806011,47.07125023958036,94.91036374292501,241.81064306612268,0
2023-01-02 14:00:00,273.35906975550785,50.44890363711995,99.74425687808005,230.96806477709094,0
2023-01-02 15:00:00,280.9843061793456,52.09419660522431,82.30924095110882,235.27070348074395,0
2023-01-02 16:00:00,283.69233289997703,53.367855382915735,93.05286868910942,238.16153653210316,0
2023-01-02 17:00:00,280.85684140594987,49.08223147426212,95.90717561886896,243.0488225592928,0
2023-01-02 18:00:00,279.4217585880588,52.15736166686259,94.75911602065408,232.46349961248453,0
2023-01-02 19:00:00,278.49448152205355,49.92298306099858,101.52354872033722,240.52235666048358,0
2023-01-02 20:00:00,272.60739004816287,49.65474540011836,91.775800676178,240.5672531770278,0
2023-01-02 21:00:00,276.4007789580265,51.767319874973346,111.21030667324472,224.41604333617914,0
2023-01-02 22:00:00,277.69680614520104,51.30464575682684,100.00207064918197,242.03448188372633,0
2023-01-02 23:00:00,285.2856111310946,46.847215686031504,99.90699678861385,247.26710050007893,0
2023-01-03 00:00:00,281.7180914478423,52.95308069945179,96.72105283487082,237.08033399121874,0
2023-01-03 01:00:00,271.1847992231863,52.760182708294906,101.55190683858979,236.05826881322946,0
2023-01-03 02:00:00,281.62041984697396,48.74887459698094,108.25098264667635,236.45409224337277,0
2023-01-03 03:00:00,278.0745885979184,50.79160706687482,91.32869784289099,233.9068751530718,0
2023-01-03 04:00:00,276.6153899984702,50.98806037256548,93.41883510924744,234.8888307747256,0
2023-01-03 05:00:00,283.0583814442043,50.52134753164781,96.96273971223336,236.56772805318437,0
2023-01-03 06:00:00,285.15499761247975,48.89938969230916,86.54129076526785,253.4534023008056,0
2023-01-03 07:00:00,284.656400595581,48.6567532641239,91.80742140278502,240.73083330040873,0
2023-01-03 08:00:00,275.8039123838868,49.948891858017106,95.23779126455341,235.2264385784749,0
2023-01-03 09:00:00,278.45393812074394,52.34545803851873,108.74389180712727,235.5579981413494,0
2023-01-03 10:00:00,281.65631715701784,51.087200309188866,102.62561329001925,232.64301032975075,0
2023-01-03 11:00:00,310.2376709732994,49.25877133582779,101.93589911367545,193.36764816325916,1
2023-01-03 12:00:00,277.60412881077355,51.54339742129669,108.50897962167971,237.30253586904428,0
2023-01-03 13:00:00,279.0717051166809,44.302914758739846,98.62628211600604,249.26572101894823,0
2023-01-03 14:00:00,274.46832512996986,52.297531400744205,103.9046484992889,232.17216546899675,0
2023-01-03 15:00:00,274.01896687959663,46.5205724424438,98.96778247067503,241.32167799266884,0
2023-01-03 16:00:00,284.062629111971,49.275118117193735,102.65362349399628,235.9087267756942,0
2023-01-03 17:00:00,286.7812001428541,47.760660210747716,94.17241342388418,249.47724570662783,0
2023-01-03 18:00:00,279.63994939209834,47.410637048558186,75.61182841723571,253.77336595716898,0
2023-01-03 19:00:00,285.0176644894601,52.321653574757036,98.65720837813696,237.95753324913318,0
2023-01-03 20:00:00,281.80818012523815,49.06459759737622,114.2274813609994,243.90121545410435,0
2023-01-03 21:00:00,276.77440122697436,50.69300776346143,109.26215402241593,240.4647988621486,0
2023-01-03 22:00:00,281.8069780275421,49.90615884224163,109.6539748459117,234.74451884655426,0
2023-01-03 23:00:00,287.69018283232987,50.95408165444624,112.36130721806218,250.44950139792044,0
2023-01-04 00:00:00,279.82086980445024,50.15364378212051,100.88657590961438,240.6147913200981,0
2023-01-04 01:00:00,287.82321827907003,47.43401555162286,101.97315707405596,257.2028625317348,0
2023-01-04 02:00:00,266.90127447955126,51.99253363889428,93.8234810456565,225.8004049843671,0
2023-01-04 03:00:00,284.1095125218761,49.01248683367737,96.8392714397295,253.12009220637245,0
2023-01-04 04:00:00,280.43523534119083,46.8868362026805,106.15771149771142,250.31972273540833,0
2023-01-04 05:00:00,278.5049632476707,49.143769678068175,112.03884437168816,243.73014269696083,0
2023-01-04 06:00:00,280.4588038826775,53.001519581268624,98.60553724319,235.39648505056726,0
2023-01-04 07:00:00,270.06215542699556,51.70044348422699,95.49810735148588,230.38754765467158,0
2023-01-04 08:00:00,278.90164056081244,49.30269573118428,100.00527958856597,246.84808711040702,0
2023-01-04 09:00:00,281.7855628575587,49.30148459136314,106.01206748929116,242.99161159529334,0
2023-01-04 10:00:00,310.10438728570557,49.35672989756524,85.56145183866458,200.91579181315223,1
2023-01-04 11:00:00,277.4086489086318,54.153495967121685,77.03819046862762,224.81140021153752,0
2023-01-04 12:00:00,275.95753198553405,50.763870904463104,94.49463150508416,235.5217954228771,0
2023-01-04 13:00:00,277.4912147820773,50.860083294382136,87.79287574085842,238.57543571810217,0
2023-01-04 14:00:00,284.57701058851035,52.060566908063684,94.9185980235269,237.88442903362832,0
2023-01-04 15:00:00,281.64375554829843,50.47757831805303,98.52219681182528,245.9615750870115,0
2023-01-04 16:00:00,277.3511989811648,49.48191570835859,95.46751590976987,229.95625875367207,0
2023-01-04 17:00:00,282.5663371655668,49.607300301830044,114.52467534470745,242.78650766164913,0
2023-01-04 18:00:00,280.48538774674023,49.856797481171874,103.2674476460232,231.4392027840906,0
2023-01-04 19:00:00,284.84322495266446,49.92555552698032,103.00474359610828,246.36906289979245,0
2023-01-04 20:00:00,276.48973453061325,51.45525908727396,106.22207144043402,234.86205551854871,0
2023-01-04 21:00:00,278.3616892670112,50.1038917716146,88.61166882219231,241.07111095039696,0
2023-01-04 22:00:00,278.03945923433923,51.465280154431156,110.39111787420269,231.76975450535846,0
2023-01-04 23:00:00,272.6824252593394,49.838566839782835,99.2423571346454,243.06140360839282,0
2023-01-05 00:00:00,281.48060138532287,50.157270380632184,106.70480617241212,245.63438325169133,0
2023-01-05 01:00:00,281.3052763608994,46.003598630935784,89.28142766959844,251.56316243363756,0
2023-01-05 02:00:00,280.0255672832123,51.832655349404966,84.46241233983936,235.69988670847897,0
2023-01-05 03:00:00,278.82706433312427,50.692976951795984,108.17889658025028,240.92686468944586,0
2023-01-05 04:00:00,272.92314628974793,51.996020219719306,103.76409526097517,228.93506986549863,0
2023-01-05 05:00:00,277.8967733861732,44.20748924361262,90.9794844564249,254.8111865009649,0
2023-01-05 06:00:00,278.28642741736616,54.17674940956145,91.30336918725305,239.0371193611798,0
2023-01-05 07:00:00,310.4097068718493,49.72082074368965,111.2543478441477,204.98798574226643,1
2023-01-05 08:00:00,279.19357144167,52.216365633475036,88.10588107132672,231.51604210484786,0
2023-01-05 09:00:00,282.0202542840727,47.92018814574894,116.42672953255963,246.97683743690402,0
2023-01-05 10:00:00,289.4309295060527,51.22554781012514,90.99379265352131,235.79866141398287,0
2023-01-05 11:00:00,280.8728890641592,47.89316887365269,106.38391925608383,247.5120583406526,0
2023-01-05 12:00:00,281.28775195361385,48.75246207860839,96.71381524251015,245.39196888390288,0
2023-01-05 13:00:00,279.62777042116915,53.82806270773357,106.03187431082343,222.80867809745658,0
2023-01-05 14:00:00,270.40614392350477,49.61863519847331,94.55885997885807,230.15688234524393,0
2023-01-05 15:00:00,279.86743062275394,50.43486574635945,98.37207093927705,237.64828933493928,0
2023-01-05 16:00:00,301.64684330813543,51.740135461377506,100.40919175395722,193.550634194105,1
2023-01-05 17:00:00,292.3162105624264,50.99136377594521,89.97812544218527,238.1279930522288,0
2023-01-05 18:00:00,279.0381951760944,50.300837810287156,107.40824345420125,240.8623156142338,0
2023-01-05 19:00:00,281.5077367116681,50.72992200493245,94.86786433528415,240.55139239067168,0
2023-01-05 20:00:00,279.8264411514738,54.80683117047655,97.71400084659982,229.32821257489118,0
2023-01-05 21:00:00,274.15660981190234,49.88476240593283,90.05650625391488,233.52982259329372,0
2023-01-05 22:00:00,285.7141140725751,50.40219809342994,74.3766634120469,247.29619648151046,0
2023-01-05 23:00:00,283.75966516343385,52.101308792015224,98.08972237399831,245.95425056312794,0
2023-01-06 00:00:00,283.95515973521526,52.21105186591597,124.12615421612915,235.137668716543,0
2023-01-06 01:00:00,275.4530627260263,52.37406061112076,107.84604287898024,229.91757555499748,0
2023-01-06 02:00:00,287.0139715546805,51.27746044405837,99.80739620265605,243.40810321628348,0
2023-01-06 03:00:00,272.9907446860386,47.713990174539035,97.37109170791733,239.27724509520633,0
2023-01-06 04:00:00,282.93428546900134,53.26686306460219,100.22465892812046,234.23643060198012,0
2023-01-06 05:00:00,290.9522781290499,47.707309213962624,105.4711911517521,253.75978639522307,0
2023-01-06 06:00:00,275.04731837434656,50.60527093047806,88.19187184691155,226.76633688868068,0
2023-01-06 07:00:00,277.1685113519861,48.491448299961284,111.14321694668872,248.19287070033383,0
2023-01-06 08:00:00,280.4982568254382,49.87172330681401,107.15381315441245,240.86908442073778,0
2023-01-06 09:00:00,277.482621729419,50.65752482060696,107.18185725707934,235.36879550068466,0
2023-01-06 10:00:00,272.24668284466935,50.64271443090055,104.38475738809727,234.3917417894263,0
2023-01-06 11:00:00,280.3428148740301,50.84384150847057,100.1961665769399,238.29587119517655,0
2023-01-06 12:00:00,274.6884814313695,53.227422538117295,106.7286123596682,222.23338912222553,0
2023-01-06 13:00:00,282.3679621531759,50.90706860302796,105.91814133741379,246.84453500779819,0
2023-01-06 14:00:00,275.402878828831,49.511686729418706,96.45959289058976,238.8846941169312,0
2023-01-06 15:00:00,287.7496720250877,51.92817433657672,94.26398227103098,242.23349799162727,0
2023-01-06 16:00:00,276.0837335383188,52.37894097784928,101.01856295261987,238.04173366633106,0
2023-01-06 17:00:00,278.3896924189716,47.54478436972602,115.49020151495188,238.99946518223229,0
2023-01-06 18:00:00,284.06758608684834,51.194800139699716,87.60892924346099,242.0115522592009,0
2023-01-06 19:00:00,273.84567841783024,51.4023454846218,85.3247473424756,232.77994278517752,0
2023-01-06 20:00:00,281.13729967302066,49.404872993280016,101.64760841236517,245.99275772603275,0
2023-01-06 21:00:00,286.53571377141213,52.75141362662324,100.50887701856018,227.1288925307021,0
2023-01-06 22:00:00,271.96258382719384,49.69988882593495,101.73341664370409,236.08604276052068,0
2023-01-06 23:00:00,280.9231692926615,50.251152906943084,102.439531979085,236.94517555352476,0
2023-01-07 00:00:00,281.29941397124213,49.65385635143226,97.76797745365195,243.5033090359273,0
2023-01-07 01:00:00,283.90911435888654,50.03115809516294,114.89863438602082,244.2424619259584,0
2023-01-07 02:00:00,273.8152464456096,47.8074498262096,83.99096021523485,237.75459409627547,0
2023-01-07 03:00:00,273.3977169345786,47.11989823481141,91.71502975219754,238.89819267678627,0
2023-01-07 04:00:00,282.6097078280845,53.18901012644994,98.96745239850952,234.37350681835574,0
2023-01-07 05:00:00,281.48492336616596,48.306077303363345,83.56811188845833,239.64709593978026,0
2023-01-07 06:00:00,281.2524642517294,48.01721530108738,98.24145595567929,248.80172000095055,0
2023-01-07 07:00:00,281.7322410474849,45.693219772792574,116.61470165728018,247.63364497592005,0
2023-01-07 08:00:00,276.59987639210755,48.72207650462099,100.20886488295962,226.32084409020356,0
2023-01-07 09:00:00,281.161268485805,47.353820413185005,102.30700905718683,243.9988831334235,0
2023-01-07 10:00:00,281.4653623664934,53.28403032027274,87.3983523482742,228.97190143848138,0
2023-01-07 11:00:00,276.4282429098682,52.019634178685266,93.83638591960522,226.01847402025885,0
2023-01-07 12:00:00,289.32887255572376,48.62369930964455,96.24803619676064,241.22990446745996,0
2023-01-07 13:00:00,282.36916460455893,54.50487161068862,96.82284903243766,232.7218814400671,0
2023-01-07 14:00:00,274.04348251398676,51.96353097398319,112.81643795003768,239.73788345026816,0
2023-01-07 15:00:00,320.77764103630045,49.35033723298275,105.57691060725125,213.1052580105202,1
2023-01-07 16:00:00,275.1265916488634,45.00118857025285,88.88542043062968,244.52840174284728,0
2023-01-07 17:00:00,283.93542301871224,54.58188514518148,102.46504778432005,235.0834621948467,0
2023-01-07 18:00:00,285.79297789503704,47.22085506647281,104.98221748496785,246.1593272634779,0
2023-01-07 19:00:00,275.8965884082414,46.709202506086214,111.40149038521267,241.05688734613256,0
2023-01-07 20:00:00,284.8168806462216,52.04514086401928,115.80540686568374,232.54634525390728,0
2023-01-07 21:00:00,282.0639046346825,54.87950481267855,89.84905808172131,222.5137986582256,0
2023-01-07 22:00:00,284.11030079997244,52.768545637021035,91.89142488789662,234.56844059314696,0
2023-01-07 23:00:00,289.48396491326974,51.127818240104716,87.42422141085383,243.27661342602613,0
2023-01-08 00:00:00,278.77305941998566,51.18950868333057,97.65980140893019,236.52439399325723,0
2023-01-08 01:00:00,276.2313191782126,51.70683111756062,104.66358374446335,232.62216271424822,0
2023-01-08 02:00:00,275.5524278518724,51.51785717957353,109.87334516589102,230.01176926330524,0
2023-01-08 03:00:00,275.9209485751728,50.56238284793875,99.24048976357477,239.87693955013376,0
2023-01-08 04:00:00,279.6144914529295,50.20840220790375,96.80152476745155,232.80478171092432,0
2023-01-08 05:00:00,281.70575987408324,49.87481374420096,101.5175799224874,244.98339201785706,0
2023-01-08 06:00:00,281.3834539966501,48.49207082226665,91.64857098369977,238.69650025915817,0
2023-01-08 07:00:00,284.1359162451801,49.43864984626645,120.89538721694774,239.428482243292,0
2023-01-08 08:00:00,280.06500945938956,46.61408637160923,83.92338972881942,239.47040603339792,0
2023-01-08 09:00:00,287.2676703857866,49.8033207464105,101.84740578895725,241.52018296564412,0
2023-01-08 10:00:00,278.6767158338102,48.022817785698166,120.2360621922964,248.1692846378987,0
2023-01-08 11:00:00,293.6008458329481,47.79282136556846,100.06799844559998,253.79292062755695,0
2023-01-08 12:00:00,283.12833673882506,50.35978830230696,98.09960964998506,245.7367023249388,0
2023-01-08 13:00:00,275.7142122179186,52.7840045726892,96.42554577189573,234.8998096932506,0
2023-01-08 14:00:00,274.64553750969446,51.83663321200463,98.19608318237592,228.13115318818612,0
2023-01-08 15:00:00,282.4123620762159,46.858998792753646,113.7284847467653,245.83423733096288,0
2023-01-08 16:00:00,278.88268607337073,48.02074372685932,77.88138088670493,239.4988599373794,0
2023-01-08 17:00:00,283.57000247046045,51.88154237597643,115.33433701296326,244.67479100347254,0
2023-01-08 18:00:00,282.3661881228677,48.03502521292338,85.76042847549854,239.1291004034555,0
2023-01-08 19:00:00,279.63585543671564,49.55073370000595,97.33347670765585,245.1849487652915,0
2023-01-08 20:00:00,275.76603140965796,51.1001041980491,95.70755579701338,240.14757665927456,0
2023-01-08 21:00:00,272.42576387657067,48.06331109027273,105.88553269770719,249.23436076632035,0
2023-01-08 22:00:00,277.7674252396649,50.21075101229192,84.01875648116253,236.41377763210107,0
2023-01-08 23:00:00,284.28199397161734,47.33194901016359,104.62172666081943,251.03870976338231,0
2023-01-09 00:00:00,281.07046872065104,48.79726471209757,120.24309623286852,254.34896411882457,0
2023-01-09 01:00:00,273.7713061064401,50.63956386828507,86.3682599540719,232.5183169319814,0
2023-01-09 02:00:00,280.8659046292559,46.81401253293666,101.89706167610396,239.12972601109286,0
2023-01-09 03:00:00,281.9265868986442,50.8809494759208,93.3801782220339,229.8013443279417,0
2023-01-09 04:00:00,275.58071281899436,49.96072440214664,104.25887206193036,241.43246774951055,0
2023-01-09 05:00:00,280.7686255297276,51.104979908834295,100.19147777415752,228.7586019069023,0
2023-01-09 06:00:00,280.29104359223,50.44782826812932,93.58513090955691,237.38826999516672,0
2023-01-09 07:00:00,274.2851485108469,52.72828085994769,104.87872284871074,233.8725784707229,0
2023-01-09 08:00:00,281.78893680174144,50.25044900529581,118.04348109786743,241.31944807442866,0
2023-01-09 09:00:00,282.80392263184115,49.141188917749496,98.09096208272702,245.24680780134244,0
2023-01-09 10:00:00,285.4152562158764,50.244595006064564,107.19757942148182,243.32988737481332,0
2023-01-09 11:00:00,285.2690102601745,51.08659605807278,87.06727042128836,246.8556420805087,0
2023-01-09 12:00:00,273.11165316021453,50.09772014065141,90.43563623181991,231.59880439511045,0
2023-01-09 13:00:00,275.31087480042436,50.081183382407765,104.72406277880377,234.10809494310396,0
2023-01-09 14:00:00,282.5751763360433,48.596016624386486,114.84116028535965,240.23225769289456,0
2023-01-09 15:00:00,282.56892975456105,48.6741981648981,103.5561334878566,248.08702760679736,0
2023-01-09 16:00:00,282.57523843153024,47.19478945640061,96.86941969476845,251.4000332449392,0
2023-01-09 17:00:00,299.2636574532736,53.49915348637388,99.99291405423354,244.8896483504816,0
2023-01-09 18:00:00,282.8544525534658,47.51227352921743,87.49592266030282,252.32014755274767,0
2023-01-09 19:00:00,285.677828200903,48.61418960440818,106.04515326355367,239.7203305547532,0
2023-01-09 20:00:00,284.770008817466,48.563185468861604,108.82333062323409,253.59475402876552,0
2023-01-09 21:00:00,283.256956256529,51.78984875388888,95.4790966716692,245.66497372904803,0
2023-01-09 22:00:00,278.4236537767983,49.410100643415944,95.29957852240499,244.069735587796,0
2023-01-09 23:00:00,283.79484610246635,52.49548414534747,102.65878229652049,245.81544930439358,0
2023-01-10 00:00:00,276.13587392731216,48.65301875151226,95.63280263959405,232.47878342224266,0
2023-01-10 01:00:00,278.81590696629996,50.55798832444761,99.33867385374178,235.6697361529415,0
2023-01-10 02:00:00,277.5731822608545,48.32930589348049,120.99721789166516,238.45146204005653,0
2023-01-10 03:00:00,280.4093706969316,54.29029825554677,97.52974299254004,235.23148545615894,0
2023-01-10 04:00:00,291.57329283336753,47.624803161940974,96.41659847978778,245.28633639479108,0
2023-01-10 05:00:00,270.66367403704123,50.61964142045405,93.52458194364841,237.88002992429992,0
2023-01-10 06:00:00,283.4313009518726,51.2675537618642,107.44191971499937,246.03322367219144,0
2023-01-10 07:00:00,271.93642064405174,50.827598194903,98.18775826781896,237.78902843263987,0
2023-01-10 08:00:00,277.64034067105285,49.62942468224458,93.50626961678574,240.98007608934478,0
2023-01-10 09:00:00,285.44475298483684,49.74035860053315,113.21304032273012,238.3022925868484,0
2023-01-10 10:00:00,280.3214000954773,50.087622943958216,114.19603004513637,235.7511993291954,0
2023-01-10 11:00:00,274.61127611035346,49.70599599674302,93.99576434261294,244.141740588174,0
2023-01-10 12:00:00,276.42348145370016,51.92775823358982,81.33460048639384,238.25296927919706,0
2023-01-10 13:00:00,283.3979887446734,54.4210460031827,110.07513689836922,232.66180476908355,0
2023-01-10 14:00:00,276.3481668414143,48.88501642998433,93.15370174239996,238.314502831909,0
2023-01-10 15:00:00,281.0822929479099,47.260394040841845,107.90625599162769,235.89131902671437,0
2023-01-10 16:00:00,303.14979051034544,49.823435903297494,80.29896182288164,203.69886353605506,1
2023-01-10 17:00:00,276.74199826197093,55.159418675308636,108.92597338299309,237.6092572160668,0
2023-01-10 18:00:00,290.71972044662664,48.39265086406054,87.8882807071922,242.1722806401799,0
2023-01-10 19:00:00,283.16959511159007,53.27823361088814,107.30764119066525,235.97572944012416,0
2023-01-10 20:00:00,269.874287066712,53.35540162815288,100.14273067836434,233.2635601430262,0
2023-01-10 21:00:00,280.9322715738471,48.89282351658401,90.46060580603356,236.40587541374413,0
2023-01-10 22:00:00,276.69106767615807,51.13796615837055,95.9296368707322,236.99315389524338,0
2023-01-10 23:00:00,284.26216667398114,53.256793246257075,106.86318456956701,240.3070745320297,0
2023-01-11 00:00:00,276.0373963078365,49.24174451802502,101.05894453115235,239.59770572740445,0
2023-01-11 01:00:00,279.4263177926655,49.59283927979528,105.84412980472484,254.86949561507603,0
2023-01-11 02:00:00,282.5249363949023,48.83663817210271,119.76440584515485,235.24619555885474,0
2023-01-11 03:00:00,316.24964788040353,47.97048653861427,84.35758388288949,205.19592241532965,1
2023-01-11 04:00:00,273.99851796472115,48.70144490986799,116.17212574968624,238.73236047564228,0
2023-01-11 05:00:00,278.32749382079527,47.55211946647549,101.04355937523214,247.91910875163006,0
2023-01-11 06:00:00,277.6252734441952,50.06816693651845,91.01215951676872,240.88283860755695,0
2023-01-11 07:00:00,276.73335383713146,48.460053537882715,86.6968637426101,237.78078885725034,0
2023-01-11 08:00:00,288.8272712014055,50.467571823581494,98.10879609222967,244.62347391583643,0
2023-01-11 09:00:00,282.02490855480477,46.888208707592746,109.2165011192446,237.94652960522546,0
2023-01-11 10:00:00,273.6955802283248,50.661760464428916,98.72450879622465,238.54050668816157,0
2023-01-11 11:00:00,284.5893097352739,51.66705792321785,115.11154930247348,240.4513313511539,0
2023-01-11 12:00:00,326.51298663559766,46.01252871485709,85.48824309948441,221.74413566125907,1
2023-01-11 13:00:00,285.16232630275573,50.74811313969514,99.87911052153946,246.37552849742332,0
2023-01-11 14:00:00,272.40315017022994,52.45533798494658,87.47606555586881,233.12899831627038,0
2023-01-11 15:00:00,277.57882963566874,47.58071796261759,103.63631882624968,244.36842599159056,0
2023-01-11 16:00:00,286.33455574593313,53.34514477367541,108.868873900973,232.0716466423093,0
2023-01-11 17:00:00,276.4616526719061,50.83803801873209,95.79238206318946,232.99364648024363,0
2023-01-11 18:00:00,282.21909714073115,48.589976288483186,73.95786143372865,249.86326909428587,0
2023-01-11 19:00:00,283.8731702671467,49.888461844684585,101.98948146796495,249.34133847273404,0
2023-01-11 20:00:00,275.3653476421096,51.11665382504344,104.3673855173351,234.25881398940763,0
2023-01-11 21:00:00,279.702373219691,50.152010782824824,104.04294754961698,239.77717878046224,0
2023-01-11 22:00:00,288.494289275893,51.07751198489274,112.35782191822155,184.52274647944913,1
2023-01-11 23:00:00,274.8780617933285,48.158652813841265,89.28946320350951,246.98550949531895,0
2023-01-12 00:00:00,278.73715924303417,50.33872164807216,106.8021610545045,242.01822044383167,0
2023-01-12 01:00:00,273.76108409017576,47.17257100619004,111.92507512477975,252.24148721502652,0
2023-01-12 02:00:00,288.16205651965817,49.7775478773026,82.21412415993484,240.13431711932517,0
2023-01-12 03:00:00,272.8492931101968,48.19218471707042,103.19651825918977,238.1502376258665,0
2023-01-12 04:00:00,277.7997775665151,48.528940114820465,94.95820168992329,242.99923816624448,0
2023-01-12 05:00:00,280.65370288643044,52.47218635042088,99.18477326898355,238.61492643100232,0
2023-01-12 06:00:00,287.20636644533056,52.18262024118854,103.47676483538336,238.15960455255004,0
2023-01-12 07:00:00,272.8206892441028,51.21827624181435,95.12771435886448,229.6089866861542,0
2023-01-12 08:00:00,285.8158187607748,47.815374470654845,93.24291920838388,251.68419808369558,0
2023-01-12 09:00:00,280.0511653050979,49.3671831006104,100.34152417488025,244.8968932640561,0
2023-01-12 10:00:00,275.0924567447602,52.42619539995837,89.12754061137197,228.11246706964477,0
2023-01-12 11:00:00,282.31051737131634,50.28343382727981,89.14174871114815,247.36560503662602,0
2023-01-12 12:00:00,280.9952984778673,54.63865907996339,106.79373282956503,237.0713246249899,0
2023-01-12 13:00:00,276.998915614206,50.78663567878874,88.51205964841344,237.5976689357645,0
2023-01-12 14:00:00,280.3490104249501,50.384098232980065,106.66312500909211,239.80429805839515,0
2023-01-12 15:00:00,278.0734320156912,49.381767071595,104.6259129285395,243.04347072023515,0
2023-01-12 16:00:00,280.56758672625625,50.267081809564566,82.74193271209404,235.44111439271768,0
2023-01-12 17:00:00,283.31065337260526,49.69506032723891,93.22435347664344,242.4153634276452,0
2023-01-12 18:00:00,287.9300840807268,51.41621735337718,111.94109403047372,230.37068961056315,0
2023-01-12 19:00:00,273.81092250586573,51.91340463358917,90.18834468860318,237.46093021326922,0
2023-01-12 20:00:00,290.66516687328135,48.4280210789841,95.35595737690612,240.6690751664632,0
2023-01-12 21:00:00,270.2395610023875,47.33753409288445,104.62060893251896,247.96181145756984,0
2023-01-12 22:00:00,279.24107452482207,46.327589253793406,107.83390509282596,245.314758284992,0
2023-01-12 23:00:00,282.9415860324229,51.015982653825084,97.48461113955504,238.3804927989054,0
2023-01-13 00:00:00,281.40495933867516,47.79326678765225,94.02489805308359,241.97727656361053,0
2023-01-13 01:00:00,276.88650240089703,45.69421881409504,114.22369861698508,245.61461920264804,0
2023-01-13 02:00:00,278.9593887482136,50.777157209061926,117.3889966379758,245.0180366817231,0
2023-01-13 03:00:00,317.52200133614986,54.98599903486558,109.78858050781795,174.27036791451678,1
2023-01-13 04:00:00,277.05317621527894,49.98785817692021,100.85318142565023,244.93569868423995,0
2023-01-13 05:00:00,284.2480104851051,51.676981548903285,91.91734278359074,240.46015955025456,0
2023-01-13 06:00:00,281.78507742982526,50.16365871709513,91.69555593443435,234.5301130414363,0
2023-01-13 07:00:00,276.53545202369673,49.80222069361771,105.22514105265758,233.28672265936675,0
2023-01-13 08:00:00,284.49799937716625,51.83815296597554,104.18398220888683,246.95465889267305,0
2023-01-13 09:00:00,281.53649760438304,49.4194509116227,114.01598592946429,237.20181257923247,0
2023-01-13 10:00:00,284.0643105941948,50.534784628143804,106.50450092536138,235.19583348783001,0
2023-01-13 11:00:00,283.14814420961807,50.64339561239203,84.96919698240183,245.97385359184864,0
2023-01-13 12:00:00,275.85502494538963,48.6638190927139,110.51947617722918,242.2926386686966,0
2023-01-13 13:00:00,277.19909479901514,51.984084699073044,90.01939372685587,229.9417501186795,0
2023-01-13 14:00:00,283.7364680256163,49.650080486609184,96.16028728047648,243.6511979166129,0
2023-01-13 15:00:00,283.0518513271673,48.488509681014314,102.50200206251695,239.42014288335363,0
2023-01-13 16:00:00,279.89549203017924,51.07301968714081,119.95667489783965,243.30581363292103,0
2023-01-13 17:00:00,280.5866369165439,48.20306403641793,131.0991855600536,249.1940452098018,0
2023-01-13 18:00:00,286.38832447894214,50.05636231473826,106.06723059136183,245.74146860410428,0
2023-01-13 19:00:00,277.0421430558209,49.98176200671159,98.16803381279612,240.3658528207223,0
2023-01-13 20:00:00,282.73548690585017,52.171791131663156,105.3450564848055,245.83010181393564,0
2023-01-13 21:00:00,278.98903673783053,50.949396465759904,108.87655425873837,237.59415707433655,0
2023-01-13 22:00:00,278.9115939838639,49.94994608250971,96.79332374442808,233.6465341998085,0
2023-01-13 23:00:00,285.49388425993595,51.63553259840057,117.95211355912322,241.72324649732838,0
2023-01-14 00:00:00,284.12708174494014,52.780415098034624,102.30070759191402,246.9329459240864,0
2023-01-14 01:00:00,284.0675481800032,51.11562061270372,104.97743089091394,234.7287353986649,0
2023-01-14 02:00:00,286.52739403577164,50.02070523968676,106.65924252054461,241.41497270504237,0
2023-01-14 03:00:00,280.1050192081638,47.37632753529968,104.21586610614456,247.38208472398983,0
2023-01-14 04:00:00,283.4097648564748,47.869772673849255,108.38940500469613,245.6958128355102,0
2023-01-14 05:00:00,278.4486662170327,49.389550591290664,93.82746813453076,235.53371402404846,0
2023-01-14 06:00:00,281.6208317624422,48.78097559568143,94.4169824605397,248.85775397101057,0
2023-01-14 07:00:00,279.3492847281616,49.62605739402911,88.99845767028305,252.02273118610884,0
2023-01-14 08:00:00,280.4849798249636,50.11329984979422,104.39501230620226,240.9965475080129,0
2023-01-14 09:00:00,282.97578512718457,51.05938550871346,107.78936503512114,234.84878009748533,0
2023-01-14 10:00:00,275.90889658383264,49.85900244388182,104.57772866151886,230.4916407788853,0
2023-01-14 11:00:00,290.4619363784273,50.9730032876524,116.74492433347538,244.57484152001473,0
2023-01-14 12:00:00,274.9699130925015,50.12894882962024,99.94403981170953,242.74644560359152,0
2023-01-14 13:00:00,273.92905693606133,46.049066867292254,106.68741655592513,247.24223346592308,0
2023-01-14 14:00:00,285.79055436750036,48.12132921236249,89.08299123860685,246.6405995544309,0
2023-01-14 15:00:00,283.9583134698147,49.71182488855677,96.12900297525599,239.60914869884726,0
2023-01-14 16:00:00,283.1205990852608,47.58061051431778,106.95537757565778,240.93826035040436,0
2023-01-14 17:00:00,283.1417275463214,51.19985745999241,108.49102110743144,243.34490548480025,0
2023-01-14 18:00:00,309.9962765370771,53.0615016646874,97.06033052335818,190.94455256053158,1
2023-01-14 19:00:00,275.51372814257087,52.43752370339463,99.28400748141934,225.15316773104254,0
2023-01-14 20:00:00,280.37902279096863,49.57311425813958,84.82126253319191,248.99247777010856,0
2023-01-14 21:00:00,276.61419144243945,52.9814522736999,96.42970799193391,235.21454727828996,0
2023-01-14 22:00:00,284.87559866708875,50.297334914404225,108.90383163519786,248.8411027304649,0
2023-01-14 23:00:00,279.26471309248933,49.32582805776392,105.75205016106567,234.27006168829124,0
2023-01-15 00:00:00,275.8725140160374,48.77319467291812,105.00665721381209,233.5607468851053,0
2023-01-15 01:00:00,317.2080879764243,49.395060627023746,100.49773687180961,193.24458740772093,1
2023-01-15 02:00:00,282.0646572713781,49.22364636291754,100.07063158628176,245.09895804432992,0
2023-01-15 03:00:00,277.1813772359801,50.34083244475097,93.39678860526553,246.89082784312293,0
2023-01-15 04:00:00,275.88889802216784,50.32114796209973,106.98828420202534,240.83254765596013,0
2023-01-15 05:00:00,281.21843605745954,50.00609204030683,104.20972944389389,239.3836275640559,0
2023-01-15 06:00:00,281.22483285554364,50.873876339492696,104.92018847992799,233.73281771045694,0
2023-01-15 07:00:00,277.46528412314433,52.381292549572684,94.7396515733242,240.12005982602253,0
2023-01-15 08:00:00,277.6448084719084,51.89910827088265,78.46657080128756,230.20066056543533,0
2023-01-15 09:00:00,304.65587538428684,47.03020406310019,110.97152711753695,219.03251344203687,1
2023-01-15 10:00:00,272.75957829251337,44.89215773019609,95.21162543991596,245.17355043783198,0
2023-01-15 11:00:00,272.9626811281172,51.86863982247855,91.37224235956879,240.69697128219076,0
2023-01-15 12:00:00,276.4077788937378,47.26624260316916,106.93478911913994,247.066060690827,0
2023-01-15 13:00:00,278.93276424144074,49.550469196214635,96.07987360080871,239.6804662810788,0
2023-01-15 14:00:00,281.55453782799003,47.659773947881284,110.59936384046622,242.86073915910183,0
2023-01-15 15:00:00,287.37678108474773,46.39603912483996,106.17005949576698,249.19177290596357,0
2023-01-15 16:00:00,284.2882981160101,51.082925456409576,106.83569323200477,242.11988160706207,0
2023-01-15 17:00:00,279.20030735018287,51.518310320605295,86.34044288799466,236.9493155149694,0
2023-01-15 18:00:00,279.90491896048655,48.84697919854656,112.11943985386401,239.28944404280665,0
2023-01-15 19:00:00,274.987353176811,44.81791541571018,102.61250531233856,247.02968870539695,0
2023-01-15 20:00:00,279.9074343200381,48.90751110349503,96.30722860753797,242.5315801016247,0
2023-01-15 21:00:00,278.5567068053993,50.7836080108051,101.43388467342251,227.06746690901537,0
2023-01-15 22:00:00,281.61359280169046,47.04217686245174,82.2376476710168,249.0132832498852,0
2023-01-15 23:00:00,275.8638452822384,50.366719839558314,104.08652811480671,232.2998768384185,0
2023-01-16 00:00:00,282.59673257120585,49.969380301654006,89.70628491817928,235.59294366626617,0
2023-01-16 01:00:00,287.66369456501286,51.158582999202174,86.47329714156466,233.07795954854853,0
2023-01-16 02:00:00,313.8439623692121,50.2391607368283,84.7764081378211,185.6428609201318,1
2023-01-16 03:00:00,282.00855861049473,48.053862118236886,111.12688374989925,238.11931755321214,0
2023-01-16 04:00:00,283.45071995855557,52.39314300332898,93.70736606307212,233.39396918446732,0
2023-01-16 05:00:00,277.9938976405708,49.68294085394606,115.337277099165,249.39736280002612,0
2023-01-16 06:00:00,281.1204624090521,49.94539092098014,94.64198536947703,238.04005098308977,0
2023-01-16 07:00:00,280.062962003909,48.13346408185361,82.92642042407053,244.6533033695874,0
2023-01-16 08:00:00,280.48838049274417,49.113435497616976,88.8347556005134,244.0197261836698,0
2023-01-16 09:00:00,276.13495108072266,48.2303945719462,112.35811620006939,242.26201232754818,0
2023-01-16 10:00:00,280.1225508712947,49.654107880153155,98.44101822063332,240.36584237171107,0
2023-01-16 11:00:00,282.48999145622724,53.42341696028468,94.51712703509399,228.42169298954803,0
2023-01-16 12:00:00,287.2557180389752,47.256197714137286,101.60018225852788,256.37010133260907,0
2023-01-16 13:00:00,284.79635413042604,46.77287720424652,105.01782736167544,257.8884058749094,0
2023-01-16 14:00:00,311.10416828598994,52.94234065498722,111.1739881590246,185.15716691079683,1
2023-01-16 15:00:00,276.16326218555974,49.58135264569627,114.48499229892926,233.79878284695542,0
2023-01-16 16:00:00,284.3616031836034,48.661854522680166,96.40231354210914,243.45804083455636,0
2023-01-16 17:00:00,280.91671002869174,52.079809374792156,86.73952313917962,231.47604729021066,0
2023-01-16 18:00:00,290.9490146660884,48.78876892052627,95.86534838876725,250.42679725927096,0
2023-01-16 19:00:00,275.95850857322426,53.652019427093876,102.60280506582886,227.0338544203913,0
2023-01-16 20:00:00,275.8013907890961,51.35585174267854,90.3624107378939,246.014272248224,0
2023-01-16 21:00:00,277.00303677277986,49.024177183708595,90.42849085104957,246.40590699069074,0
2023-01-16 22:00:00,269.38052137845096,54.314616426531,103.43787881549885,227.12389798932458,0
2023-01-16 23:00:00,277.37122489159617,48.78857015399333,99.5134764842955,246.24340345441007,0
2023-01-17 00:00:00,276.2043366922315,51.48419074401861,100.32796995411587,240.66328897986506,0
2023-01-17 01:00:00,280.75196893238103,50.59858516081298,92.41504665299931,236.35907670427335,0
2023-01-17 02:00:00,281.7087798788858,52.603482578797596,97.69599285794233,231.5663385591379,0
2023-01-17 03:00:00,289.38085419607944,53.1230223934537,90.75766855731696,238.83509762598055,0
2023-01-17 04:00:00,284.7521191909303,50.06400829813153,108.90198411124787,246.55622362169174,0
2023-01-17 05:00:00,277.11548172168796,48.49316425930763,110.35249334723753,242.2667143354958,0
2023-01-17 06:00:00,275.5079266432582,50.91994428587823,81.53812137761906,228.02909233891765,0
2023-01-17 07:00:00,282.4595958575325,48.644569260495786,90.7048913980759,239.92653718802052,0
2023-01-17 08:00:00,273.39883396489677,54.026774495053246,85.03470744909922,228.27600367437,0
2023-01-17 09:00:00,289.1572938292718,50.27307066216547,93.49976065593101,243.65417756867578,0
2023-01-17 10:00:00,285.89720060360645,49.26935689737578,99.16562030209639,254.27259739100072,0
2023-01-17 11:00:00,277.65412173947647,50.36936061172982,85.5035478030147,231.15839993428364,0
2023-01-17 12:00:00,271.4343273545456,47.305747420940605,90.78140186874687,243.63361504457092,0
2023-01-17 13:00:00,286.7693618708271,48.0567719229787,89.96042627918501,254.7167026310976,0
2023-01-17 14:00:00,279.42730077373693,52.40082781588885,102.07267329398944,246.26924348220479,0
2023-01-17 15:00:00,286.1890815598673,48.68621144205721,100.6934433703625,243.7001307798994,0
2023-01-17 16:00:00,272.02786170602815,47.90617803463612,92.78262446662747,242.65872204734282,0
2023-01-17 17:00:00,277.00312488523116,51.07330550505457,101.76820872139398,239.20375321849966,0
2023-01-17 18:00:00,280.02621849859094,52.37140830932599,94.53319915412735,236.2477012884099,0
2023-01-17 19:00:00,280.2349029688237,51.437906621330136,97.28344889673947,236.74741223555503,0
2023-01-17 20:00:00,277.7496726426038,51.99209537161163,116.73452090298537,237.07052252557887,0
2023-01-17 21:00:00,316.15987191810643,48.48640982286108,113.40461051790348,181.9985848981554,1
2023-01-17 22:00:00,274.66189785308705,47.15637866651631,87.00418763072402,246.42853904382412,0
2023-01-17 23:00:00,314.9020886583261,53.002667303910975,108.29732417879174,187.9504904096305,1
2023-01-18 00:00:00,280.6014781585595,49.35464032231573,108.11396554491591,240.47908395075697,0
2023-01-18 01:00:00,282.57219417029376,49.498333967089906,88.51736711247382,252.52374012956486,0
2023-01-18 02:00:00,283.55807439044446,52.656388283698114,108.1877764375486,233.09159053387327,0
2023-01-18 03:00:00,274.37678954081065,51.11246001880132,115.37931918412554,232.94809478747754,0
2023-01-18 04:00:00,272.3294291463219,50.91177554416321,88.77455193755586,244.29892999585817,0
2023-01-18 05:00:00,286.38838410949256,54.330004689802166,90.82497178985736,230.37387615089267,0
2023-01-18 06:00:00,281.66157005989794,48.712963539239716,110.17661466843502,240.65428153678684,0
2023-01-18 07:00:00,276.25756731721725,51.85568025616247,102.71495310825648,233.68229602912945,0
2023-01-18 08:00:00,287.7557598776126,50.11402624979417,105.51476275239523,247.85349984986573,0
2023-01-18 09:00:00,280.5783731714643,50.53718455772651,103.40589216400497,240.25383000704574,0
2023-01-18 10:00:00,285.89648592031915,53.05693685282506,103.90695920928144,230.37124251874815,0
2023-01-18 11:00:00,280.3375924070505,51.015671512579246,86.73527871688917,235.47661036273084,0
2023-01-18 12:00:00,290.30373962440996,51.07659215809927,110.47317706621448,239.96191332994536,0
2023-01-18 13:00:00,288.77670421221603,52.1450146746196,111.69589992427774,239.71221753075358,0
2023-01-18 14:00:00,278.75517925760465,49.27009454091423,97.70609255931973,242.96661884012298,0
2023-01-18 15:00:00,284.8578547547718,48.32158066532199,99.56523050186138,247.87679482618177,0
2023-01-18 16:00:00,283.22687974792575,47.91038161195793,84.68892497444278,236.912617879805,0
2023-01-18 17:00:00,286.84315778766177,46.067286821248,105.14254756017834,256.60671018913916,0
2023-01-18 18:00:00,275.17538269709945,54.112414259880644,105.72057441714144,230.62570705877155,0
2023-01-18 19:00:00,283.4302572999922,47.79358326855663,99.37808983000689,253.0506223508524,0
2023-01-18 20:00:00,285.2921224342479,49.55749275282846,111.24353359870503,245.75206734792036,0
2023-01-18 21:00:00,271.20630256788445,49.44637340022216,96.6592276902006,242.2170192721767,0
2023-01-18 22:00:00,274.08370743667115,50.6148133956182,105.646059258936,238.1449534843498,0
2023-01-18 23:00:00,308.00776159409344,51.63147442507859,89.80335661307885,200.80378734315113,1
2023-01-19 00:00:00,278.6529658277772,51.72094697671949,99.76447849125762,238.49584214053854,0
2023-01-19 01:00:00,283.58771127897984,48.83384512286212,98.25645742097164,243.63658916155117,0
2023-01-19 02:00:00,287.51178526048017,49.66575657242718,102.25307922040942,255.78655308762012,0
2023-01-19 03:00:00,280.37047390209887,50.565159900976596,96.30473071166641,243.5001027604957,0
2023-01-19 04:00:00,288.14307772785645,49.502617747632904,98.68527404328333,247.9350254736845,0
2023-01-19 05:00:00,273.09949270892554,53.21469115203998,108.26047171441506,223.7388419676911,0
2023-01-19 06:00:00,271.48308780322424,50.9819499032765,95.63235762761782,227.3361060077414,0
2023-01-19 07:00:00,279.7222615055169,51.469755572099636,83.93422899261321,238.3851970192684,0
2023-01-19 08:00:00,281.9203272446965,51.325762537334825,117.4958390420542,239.0362445365198,0
2023-01-19 09:00:00,305.8249887555917,52.34694771497065,113.81454078690487,198.90353356883276,1
2023-01-19 10:00:00,269.6627894998006,50.36204311740742,87.07737304894381,234.8122220131458,0
2023-01-19 11:00:00,279.5543998024361,47.406336104088304,106.89707805245195,252.90766233325945,0
2023-01-19 12:00:00,273.47765249747573,50.799375903505286,94.97025229448657,238.61708681447877,0
2023-01-19 13:00:00,283.34836274415017,48.697286212416344,102.6348721533106,238.57456639847868,0
2023-01-19 14:00:00,281.83299123048425,48.94276663650049,102.94224129013493,242.47341820652642,0
2023-01-19 15:00:00,275.3006010683632,51.17272803751019,97.65592199683678,231.28001205489844,0
2023-01-19 16:00:00,277.43066541331655,52.47656614286727,92.16234334413603,231.82370083888094,0
2023-01-19 17:00:00,274.7039323905552,50.042543153472124,93.0945894768374,235.19880156018516,0
2023-01-19 18:00:00,279.68660451363417,50.61766602519793,90.83808084518758,236.2197422934012,0
2023-01-19 19:00:00,284.7757116025062,53.404429889270475,91.68177791769556,229.30331916284516,0
2023-01-19 20:00:00,275.07136976832226,50.481506358977136,99.32821709950645,235.9343987586159,0
2023-01-19 21:00:00,282.52023257758924,55.20336622836079,92.84240010889248,228.05034564783648,0
2023-01-19 22:00:00,277.3487119081378,51.13101929126309,106.8205206571262,221.7650739215314,0
2023-01-19 23:00:00,276.0356358386883,46.478474481688366,114.87246155335927,255.3257290784757,0
2023-01-20 00:00:00,279.4648482002272,51.506683242209064,94.19946758629958,242.16290588677882,0
2023-01-20 01:00:00,274.8237883879031,50.762316769765555,102.39404500535377,234.00575702979543,0
2023-01-20 02:00:00,277.23175347326406,52.57950550816549,104.99685110302934,233.55096096900402,0
2023-01-20 03:00:00,307.26780628974905,51.34636270253991,104.72002270919275,195.5680672531106,1
2023-01-20 04:00:00,289.8236256645819,49.72308803203245,100.75955267916088,253.94425115728035,0
2023-01-20 05:00:00,307.68274467531893,47.55140352742127,107.42682418359722,217.2474741194361,1
2023-01-20 06:00:00,276.5013724600371,49.58195348542795,104.82248952680658,239.87024790039527,0
2023-01-20 07:00:00,281.0698995536711,48.2989590915814,87.62337577672702,249.05468481459948,0
2023-01-20 08:00:00,279.4383597515459,48.838953100390555,108.69156064389273,242.91770756966147,0
2023-01-20 09:00:00,278.8951520023339,51.17715680884122,108.87290837266742,230.40963518910482,0
2023-01-20 10:00:00,283.07083350021713,53.339809008702815,92.36713895821418,232.79668188788463,0
2023-01-20 11:00:00,283.78753855023655,50.789343059645965,100.37937835447602,240.97472298968614,0
2023-01-20 12:00:00,277.34749426194736,47.60823387592963,106.83328992811069,241.1845407853972,0
2023-01-20 13:00:00,277.1209087967766,50.889205336440284,97.90686180420639,235.68877733833253,0
2023-01-20 14:00:00,278.6247415142418,52.3932629732913,110.72978047766011,234.06884702299274,0
2023-01-20 15:00:00,268.49039417632207,48.78043419136124,123.6387249461936,236.27993621611125,0
2023-01-20 16:00:00,272.42404468900725,49.73196566665416,92.14013967365018,237.00938346368272,0
2023-01-20 17:00:00,286.83437133722265,50.02937638945839,86.18955396846225,238.0554075577115,0
2023-01-20 18:00:00,288.2248385675064,48.43020337383552,103.03818595604876,243.66693179044245,0
2023-01-20 19:00:00,278.7548198022181,51.29656086768772,107.21562505126144,230.36136683723376,0
2023-01-20 20:00:00,282.88278481527885,49.75810370278444,97.69133626155231,246.81426275050157,0
2023-01-20 21:00:00,281.5562507727177,50.839064887814054,114.53260663321035,228.5717609015291,0
2023-01-20 22:00:00,295.39440404227616,48.225015644395796,86.61394200276752,257.0151224489311,0
2023-01-20 23:00:00,285.5978745571729,49.12508339935318,106.9291862303161,251.4805174661943,0
2023-01-21 00:00:00,279.3604120425962,51.44476271565554,93.94139179241107,235.2797776550739,0
2023-01-21 01:00:00,275.22229779699785,49.25433369581646,117.19377906207296,226.08679606772952,0
2023-01-21 02:00:00,271.9677683987121,53.453927702466814,119.92515353168119,227.26947598458597,0
2023-01-21 03:00:00,281.01731817933614,49.20072762877079,92.33343412216652,241.7862830256824,0
2023-01-21 04:00:00,276.2182462735785,50.44936945150377,94.5044286409142,232.1573931341371,0
2023-01-21 05:00:00,272.88873145201165,51.86518166374618,108.59587886979801,230.13791042947224,0
2023-01-21 06:00:00,276.76713557878736,47.163268534133934,96.12869350210485,251.70800671544256,0
2023-01-21 07:00:00,274.592259981928,46.47838237603845,99.54588782067762,247.66400105039583,0
2023-01-21 08:00:00,288.43570817536283,46.94868737085981,100.2538842054241,245.69765877407133,0
2023-01-21 09:00:00,284.40819878474724,52.52516820685437,80.80326843802344,229.1657671306877,0
2023-01-21 10:00:00,279.9601367934169,48.89628370821511,99.86162253905762,240.5524143922294,0
2023-01-21 11:00:00,326.7086933864626,55.116398571336504,93.10272225935826,200.52859116955315,1
2023-01-21 12:00:00,280.3868415382381,48.87150480268522,95.06877177600228,244.93140710056517,0
2023-01-21 13:00:00,275.6935789933587,50.36910260639407,114.43632003468814,234.43200072105287,0
2023-01-21 14:00:00,287.61562038634827,53.084219905135754,87.43493105720744,240.19686825971192,0
2023-01-21 15:00:00,282.6945502184233,54.01218577631825,108.13205186747977,242.9986737568763,0
2023-01-21 16:00:00,274.81376922836773,54.123007153272795,97.21037069668192,233.23837541985958,0
2023-01-21 17:00:00,279.04830660958197,52.416732461186285,97.20239831504166,234.45024584576453,0
2023-01-21 18:00:00,275.6219087330762,52.048125051622925,107.90371896051711,232.7989519080258,0
2023-01-21 19:00:00,273.0860013451783,51.185053898402366,103.4005129456889,232.3895272048851,0
2023-01-21 20:00:00,284.6308877376582,51.55672215233328,105.70612997219531,245.10520412642327,0
2023-01-21 21:00:00,289.5470832023507,48.897628567342935,109.68184660532862,243.84171723673296,0
2023-01-21 22:00:00,273.0071621309043,48.36360223315538,96.68691616816677,240.00249014414135,0
2023-01-21 23:00:00,282.81484618345286,49.993251085178095,93.8776326549225,241.67691043077565,0
2023-01-22 00:00:00,276.74678715439086,49.65963075495014,89.14849473442202,236.54521110323748,0
2023-01-22 01:00:00,277.56437308117654,49.09354390134545,91.74589470021044,233.7327709984769,0
2023-01-22 02:00:00,277.0380303788057,51.39277489491343,129.49094425308726,237.34833791766428,0
2023-01-22 03:00:00,275.68004615160095,51.91061041714102,112.44679580736786,233.7137823822415,0
2023-01-22 04:00:00,280.24260813972415,50.17681377258369,86.48925633791978,242.2688788718775,0
2023-01-22 05:00:00,275.8452494179448,52.95506016211053,86.7754204325643,229.34450285255554,0
2023-01-22 06:00:00,281.3522841288992,47.71662177173299,104.81866061718492,251.34700501504886,0
2023-01-22 07:00:00,317.9400980003603,49.61268108144056,105.47264797377967,194.35687762503463,1
2023-01-22 08:00:00,278.8052597656679,48.56635535879439,105.48883835317365,250.8301205853346,0
2023-01-22 09:00:00,275.46218168979203,46.26692676585388,97.45044206446302,236.45905476404695,0
2023-01-22 10:00:00,277.11614334715836,49.8346386283146,98.745457399971,241.06264473973448,0
2023-01-22 11:00:00,283.7769561291288,49.756504983233434,103.27879524159357,244.75262151073065,0
2023-01-22 12:00:00,282.5045859381219,53.02689948648426,100.85893006293331,231.22070865638798,0
2023-01-22 13:00:00,275.1122237760072,51.26162336910956,77.80699627252466,237.15483483908957,0
2023-01-22 14:00:00,305.55340954095186,47.95162635134159,97.70200369424806,218.33510841958,1
2023-01-22 15:00:00,283.7569356168589,53.708185132668376,91.48593565739687,223.37800334632243,0
2023-01-22 16:00:00,271.65297359439313,52.442067391050706,101.75211418908512,233.45607605254926,0
2023-01-22 17:00:00,282.71680096189965,51.16419540693723,129.8525900260341,226.563655565425,0
2023-01-22 18:00:00,311.4355100338132,49.54703180230034,103.67481665474304,203.2885418328675,1
2023-01-22 19:00:00,282.8529933429658,48.08112152655304,96.86470313827603,253.4100854428816,0
2023-01-22 20:00:00,276.1837042172874,49.255586447857894,109.21801501977252,236.67176904596764,0
2023-01-22 21:00:00,270.9755894966774,52.177497239408375,104.82687887209212,225.2634004474771,0
2023-01-22 22:00:00,271.8622878105842,53.769172611869216,104.20094490451841,227.40311003663024,0
2023-01-22 23:00:00,280.2404247333069,53.08648705654438,106.06850593215671,244.28676994438246,0
2023-01-23 00:00:00,281.2986125086074,49.02230115642745,120.56543564829542,233.44629270541867,0
2023-01-23 01:00:00,275.47841687447794,47.76076513342198,88.69111564674084,236.96112861219828,0
2023-01-23 02:00:00,283.19296229388686,50.28177249382241,104.73632076811454,248.52009457519677,0
2023-01-23 03:00:00,271.6923996886552,46.463121268874296,90.73618870018461,252.20846902426769,0
2023-01-23 04:00:00,279.6696010067634,50.64633542836956,105.55512646342248,238.02497352519117,0
2023-01-23 05:00:00,273.9449190011877,49.704794827402665,90.81313488513905,231.36760633315532,0
2023-01-23 06:00:00,276.7408194609892,49.067926996263516,95.82633186394915,250.71377324701336,0
2023-01-23 07:00:00,280.23699335658205,46.81059386546641,97.04910085762094,254.46952090610418,0
2023-01-23 08:00:00,275.6979331735802,51.02720021313943,109.7581671934471,239.1893010993224,0
2023-01-23 09:00:00,278.07722227885085,48.93459832067618,109.18454443942414,237.10740275338597,0
2023-01-23 10:00:00,285.0314640460722,47.66016632857942,87.54282623553615,246.95025266168707,0
2023-01-23 11:00:00,277.11554065238425,44.2554755734367,100.5493411099985,249.24501877409455,0
2023-01-23 12:00:00,284.17846056032573,49.944970189898726,92.90420145250827,243.85354642344328,0
2023-01-23 13:00:00,274.3514657267119,53.54450319333949,87.41495089324665,237.34173366733364,0
2023-01-23 14:00:00,282.64902088957643,53.32251842909574,97.8298294957563,239.07655879228372,0
2023-01-23 15:00:00,287.2078431032895,49.085807486827456,96.9151721154418,240.04542619306605,0
2023-01-23 16:00:00,267.64177749936357,48.79557587927644,124.26716486345522,243.1122192412266,0
2023-01-23 17:00:00,276.01552372264763,50.937548512150045,104.32959825360696,237.69832553708952,0
2023-01-23 18:00:00,282.8853606359027,48.00322912162342,86.22382499245762,248.87155105399913,0
2023-01-23 19:00:00,278.98477306978504,50.60358379963893,94.35225995829057,245.61792323200766,0
2023-01-23 20:00:00,281.85572936685656,51.532160556769384,110.21383295429399,232.30564232232177,0
2023-01-23 21:00:00,276.9800740664209,52.45386644776862,120.88442772869925,233.4031762441409,0
2023-01-23 22:00:00,280.4329489373645,49.799691847040094,84.14016687762042,237.95981801780596,0
2023-01-23 23:00:00,279.2216138230396,49.59265249964607,81.20075614860954,232.58620478540038,0
2023-01-24 00:00:00,285.83891030829903,48.244034826486875,118.70965175371782,248.1649353892004,0
2023-01-24 01:00:00,281.2721042165061,48.34623929192028,103.89614177370903,256.50135628233454,0
2023-01-24 02:00:00,281.688013310376,49.54704221619695,91.31707268123634,232.54953350026528,0
2023-01-24 03:00:00,277.9406151693877,50.734731013632356,105.34629086122435,237.33944250218178,0
2023-01-24 04:00:00,277.5619688796375,51.8271692524665,73.64252260983122,238.32936061025967,0
2023-01-24 05:00:00,277.8372090609019,48.39364209863931,100.0337550659716,242.74671134145322,0
2023-01-24 06:00:00,281.97226071189147,52.985377137919045,103.27821172843085,234.44973581752896,0
2023-01-24 07:00:00,277.89507759589867,49.457752797914864,109.2427013953783,233.5359513848905,0
2023-01-24 08:00:00,281.4488742844821,49.957265411303126,89.86104047707462,241.97384003433564,0
2023-01-24 09:00:00,290.3770039932272,48.50557664170435,100.8568716140336,244.39352882812526,0
2023-01-24 10:00:00,284.35562351715845,45.151519479454116,90.74575373940412,240.92516427477818,0
2023-01-24 11:00:00,278.36988233916077,51.7680907927221,102.55383755674318,241.62172068670486,0
2023-01-24 12:00:00,286.00606961081974,51.47368779418487,91.04653677636976,244.84758831625035,0
2023-01-24 13:00:00,277.95962313489224,49.43734488576357,95.91899160839779,240.3634266801744,0
2023-01-24 14:00:00,269.80937732411076,50.133981434449744,90.04184605209771,235.78209923418441,0
2023-01-24 15:00:00,274.95956844541297,51.031878435408196,106.51136241823657,240.78761741546788,0
2023-01-24 16:00:00,270.64604039487074,46.87490828622691,108.58451116656666,242.69490190887197,0
2023-01-24 17:00:00,278.24243257979344,48.94189464530741,97.65379430042586,245.7575147730885,0
2023-01-24 18:00:00,280.09209189594776,51.58852935924365,100.38237994960028,235.38157622511733,0
2023-01-24 19:00:00,288.3821865613764,47.4914211536615,85.51408585366455,255.7681696662349,0
2023-01-24 20:00:00,281.6346368688208,50.587115864333256,97.00323351993212,241.24701533540727,0
2023-01-24 21:00:00,278.9044973559557,47.28683639075319,99.49795382958256,245.84883561450087,0
2023-01-24 22:00:00,284.14702790591747,50.932859964867056,126.20793091029975,233.85748857966445,0
2023-01-24 23:00:00,268.94432345496057,49.928717035405036,88.88032974225837,236.04950692817874,0
2023-01-25 00:00:00,281.17807279054284,46.76973636818898,114.64177238752437,242.8897890714212,0
2023-01-25 01:00:00,305.8574259195702,52.329478708914344,109.96858773465809,184.88187750500688,1
2023-01-25 02:00:00,272.6070687711008,48.5308168464039,102.80636404490136,235.165022551162,0
2023-01-25 03:00:00,285.71877021603467,48.37949512597124,117.58620484195134,240.76922019657877,0
2023-01-25 04:00:00,281.6924820374721,50.40113839446189,103.72105472606863,250.66782124489703,0
2023-01-25 05:00:00,277.92356043049597,52.29727469885743,103.89159195667929,241.02392612747516,0
2023-01-25 06:00:00,283.1639093305314,47.96835636204321,99.46879346982455,255.2470794519006,0
2023-01-25 07:00:00,291.353464289022,50.123359699695946,112.23568882418627,239.31553764734127,0
2023-01-25 08:00:00,280.90933127529246,50.857633000661146,110.96469233810883,239.09566838587844,0
2023-01-25 09:00:00,281.2411029315017,51.38621121452629,93.74322712503788,231.38059091067777,0
2023-01-25 10:00:00,277.7031955022988,50.35288311055445,86.80752805401232,234.66735714405516,0
2023-01-25 11:00:00,275.75077815267605,49.26594432183335,97.97019362604343,234.75286551558844,0
2023-01-25 12:00:00,284.1516790827212,48.34481955870256,91.99961435602353,251.58412045616328,0
2023-01-25 13:00:00,275.7195808704557,50.17228776609275,99.36475425384644,235.53406651253357,0
2023-01-25 14:00:00,280.357831186097,47.85572197602879,112.37438134684139,249.80936830946098,0
2023-01-25 15:00:00,277.61171276617443,44.15729903301079,95.4269834491321,253.5118627650082,0
2023-01-25 16:00:00,317.6374915377384,50.873119608315335,99.57176618688425,217.63863383831386,1
2023-01-25 17:00:00,281.66831052643477,51.80786968217239,100.58022734808395,229.82119478317398,0
2023-01-25 18:00:00,285.1876997212895,45.27413512891632,108.48430882205284,258.3417458017461,0
2023-01-25 19:00:00,277.44991800572626,47.980538590580124,77.53110666015395,248.4960861737065,0
2023-01-25 20:00:00,278.6506253235331,51.23830852201039,93.93299705234703,231.98180142761063,0
2023-01-25 21:00:00,275.1061814210885,54.1149909394234,102.11283692279473,234.3587755140632,0
2023-01-25 22:00:00,277.77853369961946,50.04158741535082,112.00078956426862,240.48681683423922,0
2023-01-25 23:00:00,281.8865024652243,48.54399411754173,95.08097552493795,242.71788169776167,0
2023-01-26 00:00:00,283.7849430832268,49.63420711779032,81.23447293958125,238.5043798711728,0
2023-01-26 01:00:00,275.38917337911187,52.74975283829637,106.19711445966136,228.5995337557173,0
2023-01-26 02:00:00,284.3480296005283,48.70807164175093,93.6463761117437,255.00693199569193,0
2023-01-26 03:00:00,286.77818929402474,48.40161598669949,88.1033334090964,246.58927676840082,0
2023-01-26 04:00:00,282.0671745161185,49.03451295563593,93.75654610286776,246.87521135444467,0
2023-01-26 05:00:00,289.38397906279033,48.093342783482576,98.15474642344151,244.55080705609225,0
2023-01-26 06:00:00,276.1310540044821,50.24534063198959,93.95255335461788,233.6755810071537,0
2023-01-26 07:00:00,273.7767264834429,53.24935691693912,77.9443394290093,235.7995734540929,0
2023-01-26 08:00:00,271.1063987554786,50.64615854623206,108.97066196887133,227.51300122751752,0
2023-01-26 09:00:00,287.48022155744593,49.49529299574743,112.74875041278722,242.67345594770174,0
2023-01-26 10:00:00,283.2718282817703,49.41637746216891,106.51521991339506,242.97329627190845,0
2023-01-26 11:00:00,279.7220766454477,46.873618382606686,88.62314329575183,246.67066456671077,0
2023-01-26 12:00:00,281.3998431315991,51.76621955429432,97.98508466052482,236.27201603213013,0
2023-01-26 13:00:00,274.3725547635081,49.8443256059744,99.93478684770542,239.47672507528486,0
2023-01-26 14:00:00,292.22875989808415,49.639040172818746,105.9879438956191,250.30057838249365,0
2023-01-26 15:00:00,280.64610590987616,56.386215135689724,106.68340488718081,231.22381041085526,0
2023-01-26 16:00:00,280.5469739730245,50.59750581673137,92.65826201221505,234.14945630971036,0
2023-01-26 17:00:00,283.62883311949344,48.49641789980963,100.8199555641356,243.40080527048352,0
2023-01-26 18:00:00,282.40504615868355,49.14728480758891,104.57280404615241,248.88176777354863,0
2023-01-26 19:00:00,281.11942012139565,52.29689141839351,114.55822322146767,240.43916316178021,0
2023-01-26 20:00:00,276.0476277227734,50.22654082107553,107.04506539824723,230.70643496183033,0
2023-01-26 21:00:00,282.35734178568,47.12344404336527,107.89056687375519,248.68918230787045,0
2023-01-26 22:00:00,289.4101224823752,51.83845786915041,100.8382662792936,231.13701925601274,0
2023-01-26 23:00:00,286.7271002307749,48.66371182892201,114.10459145203504,246.2708009678453,0
2023-01-27 00:00:00,287.965933133197,53.74659555243509,104.09762795959497,245.97861054545825,0
2023-01-27 01:00:00,316.7309862985638,52.1600961314293,91.3891208982643,193.26198269797072,1
2023-01-27 02:00:00,275.0519758987071,49.1053562086825,114.0336997012519,235.14366030453058,0
2023-01-27 03:00:00,279.37106539950173,52.562032723470224,106.97903272539028,238.38161616067472,0
2023-01-27 04:00:00,280.27862456144345,50.13571102105481,95.56955978871518,232.15388266256383,0
2023-01-27 05:00:00,285.47095759235475,51.70554735024444,95.20507032600757,236.16060894626332,0
2023-01-27 06:00:00,271.5376768514259,50.96946563458895,102.96575545140762,236.81211284444382,0
2023-01-27 07:00:00,287.64775159730306,48.30728669001825,104.63184795267584,244.03787318016802,0
2023-01-27 08:00:00,279.20996050710505,48.71290033536508,101.97292265631206,240.9993296467675,0
2023-01-27 09:00:00,277.8655946502629,52.059921635162326,103.11308673442885,238.53388260638198,0
2023-01-27 10:00:00,274.9394781236992,49.330449335786916,116.9995737457638,240.9165708079586,0
2023-01-27 11:00:00,271.7257166406712,49.19270307351601,110.71543152234887,238.81154415478056,0
2023-01-27 12:00:00,284.1158529198096,48.08975484130129,101.90635591265024,244.18280538095203,0
2023-01-27 13:00:00,280.366589835942,50.84719813118692,109.41310580767484,240.33920423194192,0
2023-01-27 14:00:00,273.55019550129475,54.12504983848629,89.67476096472461,227.90633467317602,0
2023-01-27 15:00:00,273.5246061396819,47.864934171491456,103.97927049946809,243.32146277648698,0
2023-01-27 16:00:00,278.32107650354936,50.048438913345514,118.0930634973311,236.5790002994938,0
2023-01-27 17:00:00,288.345107626447,52.82444111083086,97.81954104607627,237.61082671966406,0
2023-01-27 18:00:00,278.702043243182,49.84071721750857,91.52366071380915,234.71979822381383,0
2023-01-27 19:00:00,272.48428523440947,50.904743592499464,93.4791111140694,234.25761738217463,0
2023-01-27 20:00:00,278.7712846795703,47.87521294370624,89.10366962657612,239.58021213422845,0
2023-01-27 21:00:00,278.63638215126167,50.8566141944153,92.15238091872297,232.03473043599024,0
2023-01-27 22:00:00,266.51556678529215,49.625711469990904,96.2949190140997,235.29966619194118,0
2023-01-27 23:00:00,279.72852566741096,51.97145999135972,85.94432980821358,236.98504173027433,0
2023-01-28 00:00:00,278.84532734895663,52.3747721031295,100.15618333949602,238.58748814296217,0
2023-01-28 01:00:00,283.4810318240671,55.17912728403723,109.02277173786648,229.22663349608354,0
2023-01-28 02:00:00,289.2447804747267,51.15926634642715,90.9224381985308,244.3441217786928,0
2023-01-28 03:00:00,285.6328251477388,50.651592633164334,115.19283923641768,244.26721516890905,0
2023-01-28 04:00:00,278.65555654722584,50.38876860315467,105.10792088527595,240.77411010646153,0
2023-01-28 05:00:00,274.46737045629163,49.293667414378625,110.30580585624057,234.51808198537785,0
2023-01-28 06:00:00,292.8667990162493,50.67696768692338,93.42165446147862,245.82628154563383,0
2023-01-28 07:00:00,280.2960921700724,49.40919717972194,108.54525227066615,243.1503532058656,0
2023-01-28 08:00:00,280.06964645956475,50.33692195253923,89.08066099604687,239.39687165924363,0
2023-01-28 09:00:00,279.87937456444996,52.63519507121592,108.90247500836509,224.23690884793774,0
2023-01-28 10:00:00,280.9904238038393,47.98691486944072,101.71839339793532,245.32383028290565,0
2023-01-28 11:00:00,279.27819794038027,52.27975712225809,105.53251219984784,246.1422399226602,0
2023-01-28 12:00:00,277.1316899655988,52.63423013467973,88.24405394375148,231.497188369655,0
2023-01-28 13:00:00,277.265705293798,49.763862946017845,91.04930157723395,235.4647412655867,0
2023-01-28 14:00:00,279.83623364892003,45.75629020198281,105.97228218253385,250.2722792190514,0
2023-01-28 15:00:00,277.28287614433117,48.784356025811135,90.51651995775799,242.63461707287615,0
2023-01-28 16:00:00,276.4357710866142,52.59398909312222,104.63206292099123,238.99358318414474,0
2023-01-28 17:00:00,280.5321511384595,49.95426387540223,86.32862193539754,234.06820703888087,0
2023-01-28 18:00:00,278.7251139128957,48.001395535410175,108.48174212666669,247.01666714850245,0
2023-01-28 19:00:00,287.5199649429134,48.99045015754356,87.67476685231492,248.73119246262692,0
2023-01-28 20:00:00,266.74515095803497,51.681240053009105,105.52299937679523,229.29936268829655,0
2023-01-28 21:00:00,285.4575342596123,51.09346713640276,106.25630933646,242.2352694466091,0
2023-01-28 22:00:00,286.23042596248814,49.52213580166061,93.03228181570425,249.21822878591468,0
2023-01-28 23:00:00,269.6330488379593,49.26635117637063,105.82026567084726,240.6453989663806,0
2023-01-29 00:00:00,278.28656202959826,49.21648370191236,102.60442263333556,234.9952170506058,0
2023-01-29 01:00:00,278.14279567002103,48.155179631002994,94.61158143807262,246.861829506782,0
2023-01-29 02:00:00,272.9624415264109,53.23075137893888,89.91445315923792,229.69627498016507,0
2023-01-29 03:00:00,276.11091656204565,49.35535906157732,80.3737430832742,239.70911064794578,0
2023-01-29 04:00:00,274.44712077267087,52.43431704165099,103.49650047299694,232.72091125804192,0
2023-01-29 05:00:00,288.7613522171181,53.0426321038449,84.35197228637945,237.54419695687793,0
2023-01-29 06:00:00,284.6783919657373,51.99662179629592,100.95344199441308,244.30448987581212,0
2023-01-29 07:00:00,286.3577754749708,49.1367593745639,97.36551783917751,244.48677918911156,0
2023-01-29 08:00:00,283.60836032021615,50.80746018067322,106.79142775438196,234.59152915684584,0
2023-01-29 09:00:00,274.3547411439138,49.95160878721817,96.97954500510136,235.30650371767192,0
2023-01-29 10:00:00,277.37739866860113,48.192596278539746,96.70552213652908,243.19698036127343,0
2023-01-29 11:00:00,282.4468728061396,50.648718563443204,107.31870704288295,246.07207319766866,0
2023-01-29 12:00:00,273.88936095554027,47.641920417680396,103.35058029084118,244.6763130671535,0
2023-01-29 13:00:00,283.56499215086194,52.37535877692313,103.16155957182778,232.7791021278495,0
2023-01-29 14:00:00,278.79837300920934,49.070765405403215,104.69267589808527,253.68360527719273,0
2023-01-29 15:00:00,278.125895962252,50.40231931174568,84.64427876792894,239.58218591252452,0
2023-01-29 16:00:00,283.5547998410175,50.56657574309229,107.56788679986983,247.02120212431925,0
2023-01-29 17:00:00,282.2213165574302,49.48219005259185,106.12468794013603,241.38770600564527,0
2023-01-29 18:00:00,278.1951691709046,51.17338760295055,89.83316871423503,239.41760560307844,0
2023-01-29 19:00:00,285.7966490168212,49.050192686754954,97.55919526325799,248.99528165749274,0
2023-01-29 20:00:00,274.5946833620005,51.742594594914486,99.6069271237237,239.90312604994256,0
2023-01-29 21:00:00,283.0796780347213,47.3080406395065,98.65503215598267,252.2105992652388,0
2023-01-29 22:00:00,282.9655062898419,50.252759159092825,103.33859966568535,245.33821982710018,0
2023-01-29 23:00:00,278.45226780343006,53.87785799811657,114.31366781831184,229.8949842495113,0
2023-01-30 00:00:00,281.6306651112106,47.99933735078885,110.81766727672829,241.95792764424732,0
2023-01-30 01:00:00,273.74443211807346,48.644510058950296,86.87780806568594,241.24623349275717,0
2023-01-30 02:00:00,284.6201350960345,51.02781569931783,106.22069990306049,244.920076511087,0
2023-01-30 03:00:00,279.07548931778507,50.35916356387919,113.28933319535409,237.70581402725108,0
2023-01-30 04:00:00,277.3863848974048,50.70126019854712,103.86808520689203,242.6165318801801,0
2023-01-30 05:00:00,285.24504612918446,50.978374260295325,110.90980425185967,247.92885827143246,0
2023-01-30 06:00:00,276.4782815472862,51.26944293712354,120.12270445700764,231.1186503040289,0
2023-01-30 07:00:00,272.9576935181822,52.21939968391245,110.23709546106981,227.85544387228478,0
2023-01-30 08:00:00,272.2168541323805,50.81963731385702,102.49308595641729,233.76727714394954,0
2023-01-30 09:00:00,283.0300497567282,49.51748469076291,110.45088474084753,244.01811883778427,0
2023-01-30 10:00:00,273.59785323751856,51.34514740240546,101.44887833096891,231.48579674511313,0
2023-01-30 11:00:00,288.77397090992184,53.79976386979043,100.23903043284956,243.5484711097158,0
2023-01-30 12:00:00,269.5903529605814,49.73473250723485,96.48585764286267,237.44604577341326,0
2023-01-30 13:00:00,288.4822818414502,48.050941390658714,115.63413358832108,248.33649338061136,0
2023-01-30 14:00:00,281.0550873360131,52.214161338573945,91.81571334057999,228.91967337151604,0
2023-01-30 15:00:00,279.516434440648,49.7592376720928,115.32367724678116,233.66066279400087,0
2023-01-30 16:00:00,277.2754045659552,45.65466090797193,104.99864123740372,248.7334267184428,0
2023-01-30 17:00:00,281.9956805717604,51.69484335430084,86.00693825198059,226.94517544650435,0
2023-01-30 18:00:00,279.81182648787575,48.929343628092155,103.67649292991422,247.11041303597395,0
2023-01-30 19:00:00,285.5165094100826,49.81893343539168,78.99973492348376,242.32961861239633,0
2023-01-30 20:00:00,280.5711382433102,50.66396066113803,106.25508016831036,255.17311264735272,0
2023-01-30 21:00:00,280.7515088073094,50.38099935955813,108.8523148298899,251.15333693761897,0
2023-01-30 22:00:00,278.1819389389307,51.41890363427808,94.07644044347947,235.3459168546716,0
2023-01-30 23:00:00,279.71527188139464,49.12902725886031,101.23547695955583,241.06789641032015,0
2023-01-31 00:00:00,281.5390088444603,51.02621159635216,119.54157433750287,243.694988799536,0
2023-01-31 01:00:00,271.4491580367169,49.48090664483217,94.94253295738064,245.2786287782843,0
2023-01-31 02:00:00,273.25907288947144,51.477620961775,89.410924129434,225.48414923400563,0
2023-01-31 03:00:00,283.7163204701136,51.230734968026105,114.81663402462598,230.46481297223116,0
2023-01-31 04:00:00,280.8543271906397,48.12912259591081,119.62587190530795,241.0587443757263,0
2023-01-31 05:00:00,279.08008331823663,52.171964232350064,100.03695671847848,238.1098011102875,0
2023-01-31 06:00:00,280.092169665327,48.9280731097719,110.11463035408356,244.67430656565767,0
2023-01-31 07:00:00,281.7379085268084,51.61611559656229,113.41475915530881,242.98558034519888,0
2023-01-31 08:00:00,277.3012015984532,50.73457462680268,92.57515767461616,231.1829639037947,0
2023-01-31 09:00:00,276.10847637298843,53.676367353590244,95.14694164632132,219.12078416446934,0
2023-01-31 10:00:00,280.97922627548843,49.553068035256295,112.30874513154735,245.6735480437423,0
2023-01-31 11:00:00,275.10813611192486,49.3013664077636,116.85014278708509,234.81035387560908,0
2023-01-31 12:00:00,282.0412637785724,49.96116078822453,105.62880860174354,231.00587099089392,0
2023-01-31 13:00:00,271.4870819788108,49.39364043433145,91.20185646497946,237.6815788505394,0
2023-01-31 14:00:00,285.1457781866282,51.5998838038841,119.87061111699441,243.33899992663927,0
2023-01-31 15:00:00,311.11828851182776,46.76737878312682,94.69029102188036,204.4427785739885,1
2023-01-31 16:00:00,281.28014867156935,47.89263516170729,96.64862218828549,242.56556208145764,0
2023-01-31 17:00:00,284.91345491972754,47.86439415684161,103.42337834489622,245.931127985451,0
2023-01-31 18:00:00,288.3273722223129,51.90061518394715,115.54160420714774,238.5095419312582,0
2023-01-31 19:00:00,285.0718503250907,53.42122674516385,108.53975976552223,228.95323611251683,0
2023-01-31 20:00:00,270.7956288433418,49.79110156292506,104.1486550036191,232.2422079108686,0
2023-01-31 21:00:00,273.6021151663215,49.66235655361998,104.63288530118106,240.08274400098983,0
2023-01-31 22:00:00,276.8759071115216,50.140104326226364,100.43514668643466,239.7661376101906,0
2023-01-31 23:00:00,318.85398653438426,52.32375660521638,105.58139514518507,186.53447749925456,1
2023-02-01 00:00:00,282.5882951023456,48.14529373161885,74.70439922305697,240.02781767866824,0
2023-02-01 01:00:00,276.3712809342327,50.47673796546957,97.03392540930201,236.32464872549886,0
2023-02-01 02:00:00,280.9338338223854,51.95039525956486,102.4132193491678,225.6808011598487,0
2023-02-01 03:00:00,276.2230853382334,51.00218833987969,88.48985916380494,236.99954930878428,0
2023-02-01 04:00:00,276.9424109850403,50.37916323319749,103.86323317811559,244.857167565193,0
2023-02-01 05:00:00,272.9666945157589,52.00209218513428,97.95528779013878,225.1085022274004,0
2023-02-01 06:00:00,275.38383376944546,44.59353541400152,117.5547569831549,245.5752076901309,0
2023-02-01 07:00:00,273.24157697191833,51.35575063906182,115.73019725214857,235.55482110138615,0
2023-02-01 08:00:00,275.12063373511336,48.69184863374515,95.34194430881837,246.44083277220383,0
2023-02-01 09:00:00,285.2682089830392,46.338734206287086,98.49162288433304,247.71551299744465,0
2023-02-01 10:00:00,275.2530055558403,51.02240519904996,99.26052434391607,232.1204407334907,0
2023-02-01 11:00:00,293.161910324187,52.747317090325915,95.48340523840378,231.24170526936123,0
2023-02-01 12:00:00,282.46658950440445,49.725102970744615,101.95024984028127,242.30027945725357,0
2023-02-01 13:00:00,280.9241806184744,51.90574909440588,92.4171793111241,246.86097232114415,0
2023-02-01 14:00:00,275.70821109909394,53.22455651597729,88.69384665062474,232.79178482741574,0
2023-02-01 15:00:00,283.501549397045,52.6298289071681,106.22711223900268,236.3797219882677,0
2023-02-01 16:00:00,277.1218108688111,53.27992905874279,106.29529584221811,233.61145887075486,0
2023-02-01 17:00:00,280.61004907322683,51.48425498214378,91.95684240340007,237.28105455258284,0
2023-02-01 18:00:00,292.80042269134395,50.15086727780319,108.95355430762599,242.03340492876498,0
2023-02-01 19:00:00,303.74832566135495,46.79606837620566,93.68422270834668,207.68373946428903,1
2023-02-01 20:00:00,285.7463666314284,49.507875023740105,102.53165238037981,244.98624088379276,0
2023-02-01 21:00:00,276.48411787437055,48.31350680936762,108.20344012612456,241.70311157811832,0
2023-02-01 22:00:00,304.9681045696971,54.341885434995625,99.66387435296286,182.1802568520186,1
2023-02-01 23:00:00,288.85400317817755,49.648228375135325,104.54740912141135,251.64808449849193,0
2023-02-02 00:00:00,304.5218326064298,50.24640961356897,94.83570356112428,209.49533751212303,1
2023-02-02 01:00:00,289.0622427899846,51.102970752080935,98.03533416571902,239.5605757039939,0
2023-02-02 02:00:00,283.53875967727737,50.08720489274491,97.9414056911966,246.60409432155853,0
2023-02-02 03:00:00,277.18766612052866,53.3901020808615,92.53421653459762,229.32577470661528,0
2023-02-02 04:00:00,283.1620386952776,48.754701276531094,98.23225836884218,240.16159933202144,0
2023-02-02 05:00:00,284.86277224813364,50.389214910474486,84.51381701136253,237.8544407157164,0
2023-02-02 06:00:00,283.109049811086,48.515058828603905,95.08846252857896,235.66906448289467,0
2023-02-02 07:00:00,272.1488764005477,47.35995497755859,97.15124506630329,243.7122401472477,0
2023-02-02 08:00:00,276.36431412087563,48.77646181818943,97.4382024750462,231.4735090323672,0
2023-02-02 09:00:00,278.7624068222425,49.925926405903176,97.58502554129221,233.3871314429861,0
2023-02-02 10:00:00,279.6278328544998,49.14139555096548,99.38235800139871,231.15318527992622,0
2023-02-02 11:00:00,283.1033604877534,48.61515804025229,104.79441518086064,243.8910156994177,0
2023-02-02 12:00:00,280.8885050046663,47.187365072656334,108.74517074132523,245.31792005566112,0
2023-02-02 13:00:00,273.3232782064495,49.83378885474261,93.50234773151733,235.3605803278077,0
2023-02-02 14:00:00,281.9009892550298,46.990559251937995,87.96799144610856,241.75648765028603,0
2023-02-02 15:00:00,283.0529287264191,51.520111927379205,89.57955587756896,232.625071741268,0
2023-02-02 16:00:00,282.7989522396552,50.16487950586901,95.12797078805073,243.39156642582242,0
2023-02-02 17:00:00,285.4039036277731,47.08489700107014,96.48078682183491,245.77939815320386,0
2023-02-02 18:00:00,284.16961077274453,49.38158184590027,92.30003933802543,244.90343330225247,0
2023-02-02 19:00:00,282.2959003961422,48.495687188818835,87.03883335750106,239.73033238981233,0
2023-02-02 20:00:00,279.64917144270674,50.63834902083836,95.43879172525811,239.45320139353208,0
2023-02-02 21:00:00,271.69519533242004,52.68090089204629,101.81426620113972,237.0021860686978,0
2023-02-02 22:00:00,282.14809109566295,46.24965506070851,105.95029465835565,251.5055644283784,0
2023-02-02 23:00:00,281.0384384358156,50.23005215829483,94.42576946891678,237.99704581023573,0
2023-02-03 00:00:00,281.3578941859769,49.67973440886672,95.87002177856566,242.60547312703463,0
2023-02-03 01:00:00,273.61625712089847,51.34268015290093,90.73301691152689,232.9194423819963,0
2023-02-03 02:00:00,274.5947172979587,50.42639325647538,99.68560829625224,236.48397305950223,0
2023-02-03 03:00:00,285.2657642666645,48.49606133652236,91.51571365809185,244.01270419954503,0
2023-02-03 04:00:00,279.8022242307167,49.36189212866677,105.731278132412,240.3556518285979,0
2023-02-03 05:00:00,283.4075034868631,48.40794828639302,82.14133508065889,245.94832193601638,0
2023-02-03 06:00:00,280.1415918806523,52.152014277197196,96.40370327547538,230.799973888022,0
2023-02-03 07:00:00,280.14878069747874,50.04262329734389,103.01107339191742,234.90974961910172,0
2023-02-03 08:00:00,284.69141902987997,53.802381371506016,101.83834516322504,227.7982340027719,0
2023-02-03 09:00:00,315.736063322728,49.87867837237076,126.93033663980496,200.61774490020386,1
2023-02-03 10:00:00,280.4806038847049,48.58318646617907,103.49800024567908,236.9875155488919,0
2023-02-03 11:00:00,277.6886235564748,46.97257121477435,89.9594540315799,245.69648188270935,0
2023-02-03 12:00:00,277.8275188628384,46.39372064748811,99.04535752910927,241.66238055898353,0
2023-02-03 13:00:00,278.4541393826568,46.83172811398902,82.23753666533548,248.1316857845059,0
2023-02-03 14:00:00,281.11066885816854,50.53425330202297,99.1940025070324,239.66039656880116,0
2023-02-03 15:00:00,277.6062568916826,51.01745004645987,91.66943942999241,226.9257072857313,0
2023-02-03 16:00:00,325.82754431194786,46.83761859593573,109.15390275560162,208.01832303464946,1
2023-02-03 17:00:00,275.5269634889025,51.79007662815223,94.50459725404465,238.23732171610536,0
2023-02-03 18:00:00,279.0656417791932,49.03387789663312,98.83234084204753,236.49575172215603,0
2023-02-03 19:00:00,277.80134470862913,50.2935860239711,93.64442158595597,240.41445802084732,0
2023-02-03 20:00:00,287.2348894217687,53.22444125651085,117.38851351853332,232.88607101081664,0
2023-02-03 21:00:00,280.98277388255786,51.79367863173106,96.78757233882088,237.3923815615585,0
2023-02-03 22:00:00,285.1592226973432,49.46293870418833,118.32557043479201,237.33124190552013,0
2023-02-03 23:00:00,272.57219813481515,48.21761554916942,108.14151762118266,230.88533570639584,0
2023-02-04 00:00:00,313.9988248272617,45.69636919734139,104.82066727335386,200.50189167280158,1
2023-02-04 01:00:00,284.4481539781172,48.56169336151516,103.68733147317519,244.48204553465413,0
2023-02-04 02:00:00,306.6188377285395,49.57773952234461,103.93797298216252,200.73861353230313,1
2023-02-04 03:00:00,285.32740187532676,48.02564094569763,80.72327420654389,240.69226625515535,0
2023-02-04 04:00:00,277.4135577494981,49.73748606581539,97.21116605849244,237.23231143246258,0
2023-02-04 05:00:00,287.0467372009279,50.153703765917534,108.45157971184321,244.56243483153258,0
2023-02-04 06:00:00,291.4944906180963,49.55028803638384,99.51102816525895,246.42220408566777,0
2023-02-04 07:00:00,310.7208741686483,48.69999483835308,85.94810153196426,199.8593759444303,1
2023-02-04 08:00:00,277.77248739299614,50.337309343933455,99.4759554942253,234.86104900636,0
2023-02-04 09:00:00,287.2669223855885,50.88388129913882,117.04105516255491,247.7242881680974,0
2023-02-04 10:00:00,324.35793221759224,47.81920184511431,112.4689171553472,205.19885623606513,1
2023-02-04 11:00:00,277.3856998642337,52.82186475949254,99.37995990633968,235.48692189856533,0
2023-02-04 12:00:00,277.8990659145207,49.802823735431474,109.51449277058086,245.25334095119717,0
2023-02-04 13:00:00,278.5910769556975,50.0376992458897,96.33492979631949,241.62468044981378,0
2023-02-04 14:00:00,273.2777474448286,51.416428846513114,82.96128413173281,232.79339489406394,0
2023-02-04 15:00:00,275.406740267579,50.466432262527,90.75534011870445,234.12902037542057,0
2023-02-04 16:00:00,274.97929616623964,51.90627326782649,115.62888768508198,238.85753980269814,0
2023-02-04 17:00:00,276.16101217447937,50.57424833040365,97.26006918170695,229.817134800124,0
2023-02-04 18:00:00,279.8265755630661,48.77512525071912,97.56616020624982,237.5124159781966,0
2023-02-04 19:00:00,281.1710736626826,50.72300705041221,97.00161803725119,237.15173390305827,0
2023-02-04 20:00:00,287.7525024640704,47.71254758535868,119.04136589573007,254.63942484887784,0
2023-02-04 21:00:00,275.00822979630607,50.21711941155305,116.25958915362062,238.9687142552514,0
2023-02-04 22:00:00,284.9216119923829,49.93354001871108,122.18780233448135,237.75349716621804,0
2023-02-04 23:00:00,278.93005577887243,49.58376628545492,98.40954789599948,238.74595679160186,0
2023-02-05 00:00:00,279.7526814517378,49.74292497712214,102.95624488747094,237.31887505114315,0
2023-02-05 01:00:00,283.374097460833,46.23630190900472,84.83357450579209,245.66549995123938,0
2023-02-05 02:00:00,274.3863898921885,48.90255018451808,114.76934426118274,244.282542369842,0
2023-02-05 03:00:00,281.9120487309203,50.185689802282226,88.32220448732065,233.72592911457818,0
2023-02-05 04:00:00,280.8322610410653,50.3197127839948,102.16775563762629,247.82060923121492,0
2023-02-05 05:00:00,282.46225632004075,47.944649718148085,89.02697472367156,249.48297717464732,0
2023-02-05 06:00:00,281.4458432195391,52.5314156817294,94.11133173261304,241.1143985993292,0
2023-02-05 07:00:00,292.27650069955445,48.267650303570996,91.627375689503,247.2882521825089,0
2023-02-05 08:00:00,276.81130007874344,51.938914401053474,93.92124739324183,233.77811764186924,0
2023-02-05 09:00:00,277.3450152249909,50.85438872374337,94.60877296851021,229.79797109238515,0
2023-02-05 10:00:00,276.8842973678762,48.707545380312396,94.51731205074923,238.40374588797926,0
2023-02-05 11:00:00,277.22261440419874,53.55062178521902,108.33333911780306,233.9783378698771,0
2023-02-05 12:00:00,276.8130643634674,47.61272633648704,88.9513720693748,249.66139481766663,0
2023-02-05 13:00:00,285.94508265553776,51.83830834722,102.20541427013868,233.76014054931667,0
2023-02-05 14:00:00,287.1025212399493,52.00116463608596,112.17959152305559,237.7214016628764,0
2023-02-05 15:00:00,277.14626853125264,48.65875958184671,94.86803635486604,240.4991190007703,0
2023-02-05 16:00:00,275.8382221344789,52.78493060012866,92.82081109252398,225.3703038560197,0
2023-02-05 17:00:00,282.35707778193205,49.499906970802094,97.69475374819748,245.13547115815382,0
2023-02-05 18:00:00,277.23888477859515,50.57738725855972,111.7972520836071,233.84471621346506,0
2023-02-05 19:00:00,283.16465908877757,50.52064367754244,101.94107630953357,239.5640904334188,0
2023-02-05 20:00:00,281.0146151042565,49.731382517058904,94.68785705392402,238.7847956584511,0
2023-02-05 21:00:00,272.42127942501384,51.621616546319565,104.8387665118804,229.02071409126944,0
2023-02-05 22:00:00,287.7375260066503,51.58697744110442,88.97707850163576,240.65958319371356,0
2023-02-05 23:00:00,288.97938836547763,46.50293605352364,106.81359510442948,250.40577418285145,0
2023-02-06 00:00:00,276.93605654757806,52.6086804857563,104.08607307701767,231.39137789088312,0
2023-02-06 01:00:00,301.3360713579035,46.67501602392865,96.92191528861116,201.9175120956643,1
2023-02-06 02:00:00,281.4293269536245,52.06509240868331,91.61414201552769,238.18210201336038,0
2023-02-06 03:00:00,281.67228394993515,52.25341027365516,91.13319077716542,244.59740777011868,0
2023-02-06 04:00:00,283.29272136336414,47.81806713956961,105.3481733634591,246.70966256673847,0
2023-02-06 05:00:00,290.0510226938317,49.178371424090834,112.28980502489063,251.64935957328984,0
2023-02-06 06:00:00,279.11526386252973,47.78859066302813,93.62692252971205,237.02934097944126,0
2023-02-06 07:00:00,276.0085137773077,49.57015793942253,104.58386703551484,239.65274820627764,0
2023-02-06 08:00:00,273.10340385992737,49.38393143162852,79.12972981397931,232.29699747185128,0
2023-02-06 09:00:00,276.3453498002904,51.55932106453868,94.153822693428,227.66940813340838,0
2023-02-06 10:00:00,279.834365135631,52.62061749223922,99.68941067129099,230.9790905460419,0
2023-02-06 11:00:00,288.97278931758893,52.79136762157991,90.90316583018166,244.8631560877025,0
2023-02-06 12:00:00,277.41194350481913,48.875663946843396,90.63493625210404,245.70472300207103,0
2023-02-06 13:00:00,281.1189397581945,49.58155625251094,93.32220443531114,242.61138098434736,0
2023-02-06 14:00:00,279.91788551963623,46.6331236155581,102.92192728326373,239.02919272925226,0
2023-02-06 15:00:00,285.9419663672404,48.38825986700762,98.12670981593625,245.2130601926653,0
2023-02-06 16:00:00,292.6346621293681,51.92970326619491,77.61768766675027,243.9664245768029,0
2023-02-06 17:00:00,277.3456561353984,53.23116564709646,78.79299847364933,233.08817792139925,0
2023-02-06 18:00:00,277.5528027874089,47.53130225624015,93.93134822142825,234.4948289638204,0
2023-02-06 19:00:00,285.22080438534533,48.81507148169421,104.57686586053552,240.52866998918486,0
2023-02-06 20:00:00,283.40945744813155,49.94718848608215,72.52495157274765,241.4899629311579,0
2023-02-06 21:00:00,289.23353662868016,50.56032231763921,95.00269823848369,246.17757822664763,0
2023-02-06 22:00:00,282.9196409266298,48.38079296015671,94.7375214348258,233.71759543750179,0
2023-02-06 23:00:00,278.2035395460647,50.84812208892818,113.88337778208448,236.5949057177767,0
2023-02-07 00:00:00,282.95327415346156,49.052321305858165,96.14978188287137,244.0872383144092,0
2023-02-07 01:00:00,285.5435179029145,49.97109545824344,103.82988984740929,247.07762797755146,0
2023-02-07 02:00:00,284.1024109059868,51.0925684960074,101.41257140087463,243.33035638216575,0
2023-02-07 03:00:00,282.5363701555365,50.012844539621874,78.694335201928,244.1553525925685,0
2023-02-07 04:00:00,285.33337344794575,49.12722821894686,107.68207216631737,240.41252775256947,0
2023-02-07 05:00:00,285.8464779522284,49.78078039214834,102.15396505456287,233.82166750620098,0
2023-02-07 06:00:00,286.9107949551876,49.82327408158933,105.0826863967459,241.84358552910814,0
2023-02-07 07:00:00,283.2435494379482,49.25997794023574,139.26237706436325,248.10997796454544,0
2023-02-07 08:00:00,279.1644095984157,49.482407874665796,79.15887060501412,247.5846616874984,0
2023-02-07 09:00:00,280.73356843216663,53.19729434100943,117.24696649761108,237.52494104555336,0
2023-02-07 10:00:00,286.03254483254176,51.121838895882476,97.12552480599645,242.91929873851464,0
2023-02-07 11:00:00,275.91532164506384,49.40903936394168,102.87328904403009,241.0377803365784,0
2023-02-07 12:00:00,281.8433665443645,51.39390880902147,99.54487754698758,235.3532719203354,0
2023-02-07 13:00:00,278.0333059383632,49.33236102048798,95.75763666601956,239.70162946043752,0
2023-02-07 14:00:00,280.1437241146741,52.346249275173285,94.30167071761241,243.72471113612215,0
2023-02-07 15:00:00,286.3922593130365,50.739284384396186,103.29508735573009,237.00477085876648,0
2023-02-07 16:00:00,280.9554953400995,49.78539571199154,84.8282630332832,248.98085019961596,0
2023-02-07 17:00:00,280.23218274078073,50.89543385162055,107.50579167521765,236.71508289468895,0
2023-02-07 18:00:00,273.2007192951004,46.858247695863,95.83805595114745,249.51102480129958,0
2023-02-07 19:00:00,283.7312678301361,47.74646506218039,88.69930660959642,239.3386287432196,0
2023-02-07 20:00:00,283.2274209057054,47.61214998720189,95.49987142004187,249.31893148427218,0
2023-02-07 21:00:00,290.8162736165273,50.28588618952741,112.57149216862572,241.1525137494707,0
2023-02-07 22:00:00,278.461108825235,53.46502999897018,94.64664912983777,225.2241584550562,0
2023-02-07 23:00:00,281.0957516383197,54.46260029238526,103.5845361820962,232.71534544644408,0
2023-02-08 00:00:00,281.2469184185538,51.27610220288152,92.69043724284526,243.11861374649374,0
2023-02-08 01:00:00,287.88726639881736,51.001688949888916,107.57921849923619,237.71554810666336,0
2023-02-08 02:00:00,279.5235223380652,46.39788453169452,106.85507738790204,239.47091230335158,0
2023-02-08 03:00:00,281.3951076288517,48.914652400531956,118.48608833296412,242.40902519168716,0
2023-02-08 04:00:00,283.03948254858267,48.42443249618352,98.24436054500785,244.2336996380384,0
2023-02-08 05:00:00,280.9330456157818,48.758304803497765,106.68654804757907,245.69151133866785,0
2023-02-08 06:00:00,277.76783192724736,49.663712362830424,100.98067539538944,244.30446409478526,0
2023-02-08 07:00:00,280.97044996449154,49.055818844605746,112.95871781863015,242.07651138667183,0
2023-02-08 08:00:00,285.36815874929886,46.04140037924842,92.81167612391269,259.87879519012387,0
2023-02-08 09:00:00,295.42985362850317,51.49582051223507,107.45005312877281,202.08397033161188,1
2023-02-08 10:00:00,280.6648483707344,47.854513948520385,98.05302703883318,242.89126375829193,0
2023-02-08 11:00:00,276.49939592530416,50.4784937282223,99.35811822891502,229.23487371069334,0
2023-02-08 12:00:00,285.9752331446242,54.14816533949995,100.91752484448372,233.37798829173138,0
2023-02-08 13:00:00,272.3840654760811,48.16123081682716,102.52240396426677,238.18763637733056,0
2023-02-08 14:00:00,277.2053907636421,44.93942495450734,98.83770956878041,253.52536945421372,0
2023-02-08 15:00:00,281.8860593753226,49.42799155623978,102.14713183170527,244.39946469551597,0
2023-02-08 16:00:00,287.8276201461717,52.20191926999714,115.78118057562185,233.61312592492848,0
2023-02-08 17:00:00,279.67124869463504,53.91669490844119,109.85449685615218,232.86350646249036,0
2023-02-08 18:00:00,277.224002366534,47.54090081109516,108.69154592496896,246.88785541972197,0
2023-02-08 19:00:00,289.40578534720294,50.993398446473044,95.44460473976129,250.35625257759455,0
2023-02-08 20:00:00,272.7599304979188,49.069379086439895,91.10759171771676,242.67872691314986,0
2023-02-08 21:00:00,269.0059702168996,49.78810329139173,109.55300558237752,238.73101179722374,0
2023-02-08 22:00:00,282.20007225026666,55.28868669403407,108.76046792529795,230.823092710141,0
2023-02-08 23:00:00,277.4897288782369,46.99405934320969,114.72670675750982,246.69830577981634,0
2023-02-09 00:00:00,274.8938359143464,50.50747932298915,93.9601937403077,242.67948381472573,0
2023-02-09 01:00:00,283.5417822364968,50.935386343530865,97.70451344639653,233.23623144378843,0
2023-02-09 02:00:00,309.3229464203626,52.1715726498787,83.60515837474566,195.02848859613704,1
2023-02-09 03:00:00,277.17960684631635,50.19596630694179,96.07528893939127,234.3350270654934,0
2023-02-09 04:00:00,273.5984780066455,50.6161010790082,109.96570510579447,237.462802438937,0
2023-02-09 05:00:00,284.3622866414007,49.21670286515642,95.33504620771802,249.89884846864146,0
2023-02-09 06:00:00,308.64360606513696,50.53825388249022,106.40479795200824,189.8322149162629,1
2023-02-09 07:00:00,279.5041206811031,49.31361544900518,98.09496894002189,229.17330760519403,0
2023-02-09 08:00:00,289.2331849802383,51.2431437797121,103.2405702822156,240.0692012055726,0
2023-02-09 09:00:00,274.64957616836926,49.26077932791273,88.52308610184332,243.37059808844623,0
2023-02-09 10:00:00,272.3723741453763,50.75420078780437,100.852094496339,237.3659350118288,0
2023-02-09 11:00:00,309.1531655502554,49.94147437263004,70.08864029099277,203.68370182351163,1
2023-02-09 12:00:00,279.7720699182225,52.252100501544334,98.13103841838016,233.9818674466502,0
2023-02-09 13:00:00,306.6510492245771,49.89721255282303,83.6952675628486,187.387141836217,1
2023-02-09 14:00:00,278.79381971071837,46.453935063586236,112.05994516546816,249.06551133630904,0
2023-02-09 15:00:00,281.7602769825715,52.523843001427984,107.77407352764511,231.66104343825663,0
2023-02-09 16:00:00,273.74230287904777,48.18853539827476,104.66670981966081,251.41456430987665,0
2023-02-09 17:00:00,287.2188230203663,48.69246732270236,115.2100622715938,249.07701290655098,0
2023-02-09 18:00:00,279.5892441080372,48.80867741191302,90.51083479175162,239.2740257174228,0
2023-02-09 19:00:00,285.58647915794063,52.74887618634163,117.47363197915558,234.23856096934392,0
2023-02-09 20:00:00,281.7136267318885,45.72865157204261,109.32191564260384,248.93478918879111,0
2023-02-09 21:00:00,282.2837660957689,56.27549706731999,97.63444712781055,227.39337930313573,0
2023-02-09 22:00:00,282.848836401161,52.112113618132106,111.35620147182944,242.78435984196605,0
2023-02-09 23:00:00,282.2385428000866,50.44647782825832,88.93706487588366,241.15839659224693,0
2023-02-10 00:00:00,283.21361379933774,49.89021199876743,91.75485838472326,238.16822420759138,0
2023-02-10 01:00:00,286.64576265066216,50.571108149715315,93.914102767603,251.63286845167937,0
2023-02-10 02:00:00,280.9826058485074,51.04224485675868,94.71022291935985,238.6533548683374,0
2023-02-10 03:00:00,283.5450187879426,51.29043117190012,89.43442357239748,243.03584543001554,0
2023-02-10 04:00:00,279.55132152856385,51.111208932006896,112.23083067095325,234.51211036304437,0
2023-02-10 05:00:00,287.20058607724735,50.1791613625105,97.41145599630168,245.05754845232534,0
2023-02-10 06:00:00,276.6180384897037,49.60532315938535,103.5250496835688,240.6539228817971,0
2023-02-10 07:00:00,289.0047021645541,49.697453432692974,94.2964863358632,235.65919775641035,0
2023-02-10 08:00:00,279.7992102467783,49.61018343929464,81.79396699451483,250.75561379710308,0
2023-02-10 09:00:00,272.84612448940976,52.26754019373413,102.70057358391422,238.3412041618493,0
2023-02-10 10:00:00,280.6405220745539,51.187113444561724,80.87745024580224,235.96005756742358,0
2023-02-10 11:00:00,276.5947417126256,44.11922273067144,99.31365953914532,244.54757669269065,0
2023-02-10 12:00:00,284.20321774494363,51.311801553059524,86.3168496116719,241.21581383537057,0
2023-02-10 13:00:00,313.1304201590972,50.38947238943755,119.87275999230808,199.8041327229387,1
2023-02-10 14:00:00,277.7690828339261,49.96258248710821,109.11362722174722,240.73772118556283,0
2023-02-10 15:00:00,270.55229634527234,49.22296309382223,101.0575379127148,237.78810896596215,0
2023-02-10 16:00:00,277.7384684037546,52.248225439972025,112.63706677654669,236.90398826846288,0
2023-02-10 17:00:00,267.8806033668552,51.89505292424572,91.53684022534264,237.3867243318952,0
2023-02-10 18:00:00,272.0804858825714,48.454244664352785,105.43479378670094,241.97226963822334,0
2023-02-10 19:00:00,283.8020732807215,50.81410457424907,101.99810433718713,235.0245499973129,0
2023-02-10 20:00:00,283.92900079325415,48.056686530917425,102.6402008133367,252.66394159835446,0
2023-02-10 21:00:00,282.12728780892485,47.24076367042214,112.72353500106767,254.78518938105958,0
2023-02-10 22:00:00,275.1651192843539,48.74656555082007,107.32492102779803,255.8497122130973,0
2023-02-10 23:00:00,279.76144321929013,51.72478694476552,102.88723662825024,230.81367755391605,0
2023-02-11 00:00:00,305.2854021282143,51.906250090752174,83.45112563771704,199.04524470051115,1
2023-02-11 01:00:00,274.20817655403727,51.02617084019459,90.39953704720537,224.64125308068446,0
2023-02-11 02:00:00,287.51699150883576,51.450191573695996,98.77291066404275,243.62385838892192,0
2023-02-11 03:00:00,284.38681145287836,51.032356574229915,100.93372374276652,237.38769108714553,0
2023-02-11 04:00:00,278.89517913085166,48.717036809554095,88.69796275326075,251.6307449204424,0
2023-02-11 05:00:00,280.13442919497265,50.86384508934788,124.11676675578421,234.46644956869767,0
2023-02-11 06:00:00,281.0419140397378,51.600819050455364,115.16394055253573,228.87340372912186,0
2023-02-11 07:00:00,269.79132565787853,51.50858265962715,106.02118320392483,229.5221788061724,0
2023-02-11 08:00:00,278.764113087397,52.37782674294929,100.72036861283745,224.74896420171422,0
2023-02-11 09:00:00,276.590078760011,51.416607694402124,97.87791030098849,239.2173212637378,0
2023-02-11 10:00:00,274.9918999505254,50.70289641508317,90.48081539977764,225.7647419138148,0
2023-02-11 11:00:00,278.5944985355702,52.14030047663285,100.77480518518863,235.15893622043518,0
2023-02-11 12:00:00,288.9884326342476,49.94695748150188,102.57752540142751,234.21124225483905,0
2023-02-11 13:00:00,283.2042143063351,48.23625069754456,87.58239424518376,243.5281167353952,0
2023-02-11 14:00:00,277.144105051086,49.673866072112475,103.34176417244898,247.44121116034069,0
2023-02-11 15:00:00,282.8629139067808,48.510194710387104,98.44740951175251,246.21430698979515,0
